1.395621741238250735e+01,-3.209710260347982569e+01,1.295999999999999943e+02,0.000000000000000000e+00,5.512764626771378129e-01,8.343226364531782790e-01,0.000000000000000000e+00
1.349627889169226158e+01,-3.229319519771404856e+01,1.295999999999999943e+02,0.000000000000000000e+00,5.572217962896456322e-01,8.303636972674929284e-01,0.000000000000000000e+00
1.303358607521330192e+01,-3.248269745603043646e+01,1.295999999999999943e+02,0.000000000000000000e+00,5.631387003395629254e-01,8.263623927671611691e-01,0.000000000000000000e+00
1.256823338844513671e+01,-3.266557070515641215e+01,1.295999999999999943e+02,0.000000000000000000e+00,5.690268729452795382e-01,8.223189270995266975e-01,0.000000000000000000e+00
1.210031579970872428e+01,-3.284177762465544959e+01,1.295999999999999943e+02,0.000000000000000000e+00,5.748860136911198015e-01,8.182335065629698923e-01,0.000000000000000000e+00
1.162992880076548730e+01,-3.301128225454330334e+01,1.295999999999999943e+02,0.000000000000000000e+00,5.807158236426052111e-01,8.141063395964256433e-01,0.000000000000000000e+00
1.115716838732955551e+01,-3.317405000262666448e+01,1.295999999999999943e+02,0.000000000000000000e+00,5.865160053617123337e-01,8.099376367687451950e-01,0.000000000000000000e+00
1.068213103947712384e+01,-3.333004765156268689e+01,1.295999999999999943e+02,0.000000000000000000e+00,5.922862629220574382e-01,8.057276107679465227e-01,0.000000000000000000e+00
1.020491370195697201e+01,-3.347924336563792025e+01,1.295999999999999943e+02,0.000000000000000000e+00,5.980263019239941968e-01,8.014764763903627909e-01,0.000000000000000000e+00
9.725613764406171313e+00,-3.362160669726527829e+01,1.295999999999999943e+02,0.000000000000000000e+00,6.037358295096511007e-01,7.971844505296710182e-01,0.000000000000000000e+00
9.244329041474975028e+00,-3.375710859319770663e+01,1.295999999999999943e+02,0.000000000000000000e+00,6.094145543778222152e-01,7.928517521658637879e-01,0.000000000000000000e+00
8.761157752864990655e+00,-3.388572140045735637e+01,1.295999999999999943e+02,0.000000000000000000e+00,6.150621867988825819e-01,7.884786023540375499e-01,0.000000000000000000e+00
8.276198503284680541e+00,-3.400741887197892765e+01,1.295999999999999943e+02,0.000000000000000000e+00,6.206784386295532974e-01,7.840652242131261884e-01,0.000000000000000000e+00
7.789550262326295993e+00,-3.412217617196611741e+01,1.295999999999999943e+02,0.000000000000000000e+00,6.262630233275832126e-01,7.796118429145333373e-01,0.000000000000000000e+00
7.301312344268342969e+00,-3.422996988096008408e+01,1.295999999999999943e+02,0.000000000000000000e+00,6.318156559663936633e-01,7.751186856706240302e-01,0.000000000000000000e+00
6.811584387807708474e+00,-3.433077800061883522e+01,1.295999999999999943e+02,0.000000000000000000e+00,6.373360532496128439e-01,7.705859817231343056e-01,0.000000000000000000e+00
6.320466335725580365e+00,-3.442457995820659988e+01,1.295999999999999943e+02,0.000000000000000000e+00,6.428239335255059306e-01,7.660139623314942137e-01,0.000000000000000000e+00
5.828058414491302131e+00,-3.451135661079229777e+01,1.295999999999999943e+02,0.000000000000000000e+00,6.482790168013813359e-01,7.614028607609997223e-01,0.000000000000000000e+00
5.334461113808345978e+00,-3.459109024915616715e+01,1.295999999999999943e+02,0.000000000000000000e+00,6.537010247578433075e-01,7.567529122709377720e-01,0.000000000000000000e+00
4.839775166106553783e+00,-3.466376460140384808e+01,1.295999999999999943e+02,0.000000000000000000e+00,6.590896807630072241e-01,7.520643541025709977e-01,0.000000000000000000e+00
4.344101525984849665e+00,-3.472936483628711812e+01,1.295999999999999943e+02,0.000000000000000000e+00,6.644447098866106405e-01,7.473374254670361871e-01,0.000000000000000000e+00
3.847541349608613270e+00,-3.478787756623062677e+01,1.295999999999999943e+02,0.000000000000000000e+00,6.697658389140547230e-01,7.425723675331263873e-01,0.000000000000000000e+00
3.350195974065911741e+00,-3.483929085006398907e+01,1.295999999999999943e+02,0.000000000000000000e+00,6.750527963603021320e-01,7.377694234150236063e-01,0.000000000000000000e+00
2.852166896686816333e+00,-3.488359419545875539e+01,1.295999999999999943e+02,0.000000000000000000e+00,6.803053124837870058e-01,7.329288381598426660e-01,0.000000000000000000e+00
2.353555754330010963e+00,-3.492077856106962486e+01,1.295999999999999943e+02,0.000000000000000000e+00,6.855231193001229961e-01,7.280508587351774974e-01,0.000000000000000000e+00
1.854464302640931983e+00,-3.495083635837961822e+01,1.295999999999999943e+02,0.000000000000000000e+00,6.907059505958206280e-01,7.231357340164595859e-01,0.000000000000000000e+00
1.354994395285659348e+00,-3.497376145324869867e+01,1.295999999999999943e+02,0.000000000000000000e+00,6.958535419418246937e-01,7.181837147743028726e-01,0.000000000000000000e+00
8.552479631648111091e-01,-3.498954916716564867e+01,1.295999999999999943e+02,0.000000000000000000e+00,7.009656307070425418e-01,7.131950536616740166e-01,0.000000000000000000e+00
3.553269936116711381e-01,-3.499819627820283330e+01,1.295999999999999943e+02,0.000000000000000000e+00,7.060419560717267062e-01,7.081700052010181379e-01,0.000000000000000000e+00
-1.446664904211988067e-01,-3.499970102167372943e+01,1.295999999999999943e+02,-0.000000000000000000e+00,7.110822590407922528e-01,7.031088257712626577e-01,0.000000000000000000e+00
-6.446304511826149719e-01,-3.499406309049305008e+01,1.295999999999999943e+02,-0.000000000000000000e+00,7.160862824570134455e-01,6.980117735947541924e-01,0.000000000000000000e+00
-1.144462856946448559e+00,-3.498128363523942852e+01,1.295999999999999943e+02,-0.000000000000000000e+00,7.210537710141576850e-01,6.928791087240707691e-01,0.000000000000000000e+00
-1.644061702834073158e+00,-3.496136526392060517e+01,1.295999999999999943e+02,-0.000000000000000000e+00,7.259844712700093128e-01,6.877110930287551049e-01,0.000000000000000000e+00
-2.143325031631332145e+00,-3.493431204144118851e+01,1.295999999999999943e+02,-0.000000000000000000e+00,7.308781316593084831e-01,6.825079901819454120e-01,0.000000000000000000e+00
-2.642150954595780199e+00,-3.490012948877308219e+01,1.295999999999999943e+02,-0.000000000000000000e+00,7.357345025065461508e-01,6.772700656469655689e-01,0.000000000000000000e+00
-3.140437672249950296e+00,-3.485882458182882004e+01,1.295999999999999943e+02,-0.000000000000000000e+00,7.405533360387649422e-01,6.719975866637142303e-01,0.000000000000000000e+00
-3.638083495156404279e+00,-3.481040575003788717e+01,1.295999999999999943e+02,-0.000000000000000000e+00,7.453343863981666262e-01,6.666908222350661495e-01,0.000000000000000000e+00
-4.134986864670326057e+00,-3.475488287462646042e+01,1.295999999999999943e+02,-0.000000000000000000e+00,7.500774096546187764e-01,6.613500431131891233e-01,0.000000000000000000e+00
-4.631046373665422600e+00,-3.469226728660092363e+01,1.295999999999999943e+02,-0.000000000000000000e+00,7.547821638182010684e-01,6.559755217856183540e-01,0.000000000000000000e+00
-5.126160787228905669e+00,-3.462257176443536366e+01,1.295999999999999943e+02,-0.000000000000000000e+00,7.594484088514368292e-01,6.505675324614815791e-01,0.000000000000000000e+00
-5.620229063321322549e+00,-3.454581053146384306e+01,1.295999999999999943e+02,-0.000000000000000000e+00,7.640759066816071865e-01,6.451263510574342108e-01,0.000000000000000000e+00
-6.113150373397037818e+00,-3.446199925297770505e+01,1.295999999999999943e+02,-0.000000000000000000e+00,7.686644212129117859e-01,6.396522551835640558e-01,0.000000000000000000e+00
-6.604824122981128198e+00,-3.437115503302858599e+01,1.295999999999999943e+02,-0.000000000000000000e+00,7.732137183384306667e-01,6.341455241293263434e-01,0.000000000000000000e+00
-7.095149972198522725e+00,-3.427329641093793811e+01,1.295999999999999943e+02,-0.000000000000000000e+00,7.777235659521801736e-01,6.286064388491616750e-01,0.000000000000000000e+00
-7.584027856251183586e+00,-3.416844335751346762e+01,1.295999999999999943e+02,-0.000000000000000000e+00,7.821937339608617812e-01,6.230352819482735116e-01,0.000000000000000000e+00
-8.071358005839135430e+00,-3.405661727097358948e+01,1.295999999999999943e+02,-0.000000000000000000e+00,7.866239942956503306e-01,6.174323376681501996e-01,0.000000000000000000e+00
-8.557040967521215791e+00,-3.393784097258049570e+01,1.295999999999999943e+02,-0.000000000000000000e+00,7.910141209238119586e-01,6.117978918720863302e-01,0.000000000000000000e+00
-9.040977624011336644e+00,-3.381213870198284610e+01,1.295999999999999943e+02,-0.000000000000000000e+00,7.953638898602519713e-01,6.061322320305767564e-01,0.000000000000000000e+00
-9.523069214406161720e+00,-3.367953611226896982e+01,1.295999999999999943e+02,-0.000000000000000000e+00,7.996730791789261605e-01,6.004356472066718631e-01,0.000000000000000000e+00
-1.000321735434006243e+01,-3.354006026473163615e+01,1.295999999999999943e+02,-0.000000000000000000e+00,8.039414690241727390e-01,5.947084280412167079e-01,0.000000000000000000e+00
-1.048132405606319395e+01,-3.339373962334543933e+01,1.295999999999999943e+02,-0.000000000000000000e+00,8.081688416219239279e-01,5.889508667380307649e-01,0.000000000000000000e+00
-1.095729174843868137e+01,-3.324060404895791976e+01,1.295999999999999943e+02,-0.000000000000000000e+00,8.123549812908202883e-01,5.831632570489940770e-01,0.000000000000000000e+00
-1.143102329685473784e+01,-3.308068479319562272e+01,1.295999999999999943e+02,-0.000000000000000000e+00,8.164996744532120321e-01,5.773458942590643517e-01,0.000000000000000000e+00
-1.190242202304773045e+01,-3.291401449208632357e+01,1.295999999999999943e+02,-0.000000000000000000e+00,8.206027096460758452e-01,5.714990751711835903e-01,0.000000000000000000e+00
-1.237139172483209215e+01,-3.274062715939869861e+01,1.295999999999999943e+02,-0.000000000000000000e+00,8.246638775317464143e-01,5.656230980912154704e-01,0.000000000000000000e+00
-1.283783669573309894e+01,-3.256055817970092647e+01,1.295999999999999943e+02,-0.000000000000000000e+00,8.286829709086914741e-01,5.597182628125911830e-01,0.000000000000000000e+00
-1.330166174451846040e+01,-3.237384430113937128e+01,1.295999999999999943e+02,-0.000000000000000000e+00,8.326597847219743276e-01,5.537848706011706534e-01,0.000000000000000000e+00
-1.376277221462477840e+01,-3.218052362793918775e+01,1.295999999999999943e+02,-0.000000000000000000e+00,8.365941160738066262e-01,5.478232241797404978e-01,0.000000000000000000e+00
-1.422107400347487705e+01,-3.198063561262801358e+01,1.295999999999999943e+02,-0.000000000000000000e+00,8.404857642338456891e-01,5.418336277126478695e-01,0.000000000000000000e+00
-1.467647358168209415e+01,-3.177422104798460012e+01,1.295999999999999943e+02,-0.000000000000000000e+00,8.443345306494582925e-01,5.358163867902502320e-01,0.000000000000000000e+00
-1.512887801213757832e+01,-3.156132205871389118e+01,1.295999999999999943e+02,-0.000000000000000000e+00,8.481402189558457927e-01,5.297718084133298255e-01,0.000000000000000000e+00
-1.557819496897672984e+01,-3.134198209285028724e+01,1.295999999999999943e+02,-0.000000000000000000e+00,8.519026349860652214e-01,5.237002009774285316e-01,0.000000000000000000e+00
-1.602433275642087906e+01,-3.111624591289085373e+01,1.295999999999999943e+02,-0.000000000000000000e+00,8.556215867809280340e-01,5.176018742571232290e-01,0.000000000000000000e+00
-1.646720032749041707e+01,-3.088415958666027095e+01,1.295999999999999943e+02,-0.000000000000000000e+00,8.592968845988060433e-01,5.114771393902041163e-01,0.000000000000000000e+00
-1.690670730258547394e+01,-3.064577047790939446e+01,1.295999999999999943e+02,-0.000000000000000000e+00,8.629283409252977988e-01,5.053263088618215049e-01,0.000000000000000000e+00
-1.734276398793042517e+01,-3.040112723664936212e+01,1.295999999999999943e+02,-0.000000000000000000e+00,8.665157704828106988e-01,4.991496964885192567e-01,0.000000000000000000e+00
-1.777528139387844419e+01,-3.015027978922316620e+01,1.295999999999999943e+02,-0.000000000000000000e+00,8.700589902400007736e-01,4.929476174022451307e-01,0.000000000000000000e+00
-1.820417125307233164e+01,-2.989327932811679744e+01,1.295999999999999943e+02,-0.000000000000000000e+00,8.735578194211176539e-01,4.867203880342613198e-01,0.000000000000000000e+00
-1.862934603845797099e+01,-2.963017830151196463e+01,1.295999999999999943e+02,-0.000000000000000000e+00,8.770120795152313020e-01,4.804683260989944249e-01,0.000000000000000000e+00
-1.905071898114666951e+01,-2.936103040258256769e+01,1.295999999999999943e+02,-0.000000000000000000e+00,8.804215942853228505e-01,4.741917505778547315e-01,0.000000000000000000e+00
-1.946820408812281400e+01,-2.908589055853710903e+01,1.295999999999999943e+02,-0.000000000000000000e+00,8.837861897773067188e-01,4.678909817029073825e-01,0.000000000000000000e+00
-1.988171615979314311e+01,-2.880481491940922112e+01,1.295999999999999943e+02,-0.000000000000000000e+00,8.871056943288690988e-01,4.615663409406009499e-01,0.000000000000000000e+00
-2.029117080737415790e+01,-2.851786084659869402e+01,1.295999999999999943e+02,-0.000000000000000000e+00,8.903799385782592557e-01,4.552181509753046584e-01,0.000000000000000000e+00
-2.069648447011399028e+01,-2.822508690116525543e+01,1.295999999999999943e+02,-0.000000000000000000e+00,8.936087554729054139e-01,4.488467356928923513e-01,0.000000000000000000e+00
-2.109757443234535756e+01,-2.792655283187754378e+01,1.295999999999999943e+02,-0.000000000000000000e+00,8.967919802779548144e-01,4.424524201641848453e-01,0.000000000000000000e+00
-2.149435884036601152e+01,-2.762231956301967983e+01,1.295999999999999943e+02,-0.000000000000000000e+00,8.999294505846682224e-01,4.360355306283849597e-01,0.000000000000000000e+00
-2.188675671914328902e+01,-2.731244918195796245e+01,1.295999999999999943e+02,-0.000000000000000000e+00,9.030210063187086300e-01,4.295963944764280007e-01,0.000000000000000000e+00
-2.227468798883936074e+01,-2.699700492647018635e+01,1.295999999999999943e+02,-0.000000000000000000e+00,9.060664897483116098e-01,4.231353402342715730e-01,0.000000000000000000e+00
-2.265807348115376030e+01,-2.667605117184020003e+01,1.295999999999999943e+02,-0.000000000000000000e+00,9.090657454923349867e-01,4.166526975461279925e-01,0.000000000000000000e+00
-2.303683495547991456e+01,-2.634965341772029390e+01,1.295999999999999943e+02,-0.000000000000000000e+00,9.120186205281691771e-01,4.101487971576843194e-01,0.000000000000000000e+00
-2.341089511487234986e+01,-2.601787827476418613e+01,1.295999999999999943e+02,-0.000000000000000000e+00,9.149249641995749194e-01,4.036239708991608555e-01,0.000000000000000000e+00
-2.378017762182129147e+01,-2.568079345103320321e+01,1.295999999999999943e+02,-0.000000000000000000e+00,9.177846282243321552e-01,3.970785516684632310e-01,0.000000000000000000e+00
-2.414460711383150127e+01,-2.533846773817858988e+01,1.295999999999999943e+02,-0.000000000000000000e+00,9.205974667018420599e-01,3.905128734141180002e-01,0.000000000000000000e+00
-2.450410921880211035e+01,-2.499097099740258798e+01,1.295999999999999943e+02,-0.000000000000000000e+00,9.233633361205442203e-01,3.839272711182925568e-01,0.000000000000000000e+00
-2.485861057020433407e+01,-2.463837414520132896e+01,1.295999999999999943e+02,-0.000000000000000000e+00,9.260820953652549870e-01,3.773220807796683895e-01,0.000000000000000000e+00
-2.520803882205398949e+01,-2.428074913889229336e+01,1.295999999999999943e+02,-0.000000000000000000e+00,9.287536057243543919e-01,3.706976393963286043e-01,0.000000000000000000e+00
-2.555232266367572080e+01,-2.391816896192942821e+01,1.295999999999999943e+02,-0.000000000000000000e+00,9.313777308968782531e-01,3.640542849485256527e-01,0.000000000000000000e+00
-2.589139183425595192e+01,-2.355070760900878213e+01,1.295999999999999943e+02,-0.000000000000000000e+00,9.339543369994507405e-01,3.573923563814934146e-01,0.000000000000000000e+00
-2.622517713718160692e+01,-2.317844007096783088e+01,1.295999999999999943e+02,-0.000000000000000000e+00,9.364832925731442215e-01,3.507121935880798680e-01,0.000000000000000000e+00
-2.655361045416158206e+01,-2.280144231948147038e+01,1.295999999999999943e+02,-0.000000000000000000e+00,9.389644685901522569e-01,3.440141373914930578e-01,0.000000000000000000e+00
-2.687662475912825499e+01,-2.241979129155787120e+01,1.295999999999999943e+02,-0.000000000000000000e+00,9.413977384604101939e-01,3.372985295278132511e-01,0.000000000000000000e+00
-2.719415413191598674e+01,-2.203356487383729245e+01,1.295999999999999943e+02,-0.000000000000000000e+00,9.437829780380142530e-01,3.305657126286647984e-01,0.000000000000000000e+00
-2.750613377171404039e+01,-2.164284188669714837e+01,1.295999999999999943e+02,-0.000000000000000000e+00,9.461200656275945420e-01,3.238160302036269811e-01,0.000000000000000000e+00
-2.781250001029096452e+01,-2.124770206816645768e+01,1.295999999999999943e+02,-0.000000000000000000e+00,9.484088819904867851e-01,3.170498266228116147e-01,0.000000000000000000e+00
-2.811319032498793291e+01,-2.084822605765308268e+01,1.295999999999999943e+02,-0.000000000000000000e+00,9.506493103508488751e-01,3.102674470992008438e-01,0.000000000000000000e+00
-2.840814335147820913e+01,-2.044449537948697326e+01,1.295999999999999943e+02,-0.000000000000000000e+00,9.528412364015904634e-01,3.034692376711160544e-01,0.000000000000000000e+00
-2.869729889629031305e+01,-2.003659242628283721e+01,1.295999999999999943e+02,-0.000000000000000000e+00,9.549845483102324950e-01,2.966555451844801738e-01,0.000000000000000000e+00
-2.898059794909214659e+01,-1.962460044212559396e+01,1.295999999999999943e+02,-0.000000000000000000e+00,9.570791367245878867e-01,2.898267172751982090e-01,0.000000000000000000e+00
-2.925798269473375157e+01,-1.920860350558208296e+01,1.295999999999999943e+02,-0.000000000000000000e+00,9.591248947783551637e-01,2.829831023513756927e-01,0.000000000000000000e+00
-2.952939652504609569e+01,-1.878868651254247624e+01,1.295999999999999943e+02,-0.000000000000000000e+00,9.611217180965684337e-01,2.761250495755510070e-01,0.000000000000000000e+00
-2.979478405039357014e+01,-1.836493515889486616e+01,1.295999999999999943e+02,-0.000000000000000000e+00,9.630695048009177972e-01,2.692529088468962328e-01,0.000000000000000000e+00
-3.005409111097781860e+01,-1.793743592303660606e+01,1.295999999999999943e+02,-0.000000000000000000e+00,9.649681555149560719e-01,2.623670307833352866e-01,0.000000000000000000e+00
-3.030726478789054568e+01,-1.750627604822595984e+01,1.295999999999999943e+02,-0.000000000000000000e+00,9.668175733691594109e-01,2.554677667036883149e-01,0.000000000000000000e+00
-3.055425341391312344e+01,-1.707154352477766679e+01,1.295999999999999943e+02,-0.000000000000000000e+00,9.686176640058749010e-01,2.485554686097292409e-01,0.000000000000000000e+00
-3.079500658406074365e+01,-1.663332707210603090e+01,1.295999999999999943e+02,-0.000000000000000000e+00,9.703683355841334901e-01,2.416304891682308498e-01,0.000000000000000000e+00
-3.102947516586897336e+01,-1.619171612061922971e+01,1.295999999999999943e+02,-0.000000000000000000e+00,9.720694987843380153e-01,2.346931816929623271e-01,0.000000000000000000e+00
-3.125761130942061072e+01,-1.574680079346851613e+01,1.295999999999999943e+02,-0.000000000000000000e+00,9.737210668128154500e-01,2.277439001266832463e-01,0.000000000000000000e+00
-3.147936845711081943e+01,-1.529867188815605594e+01,1.295999999999999943e+02,-0.000000000000000000e+00,9.753229554062496920e-01,2.207829990230647799e-01,0.000000000000000000e+00
-3.169470135314850978e+01,-1.484742085800513856e+01,1.295999999999999943e+02,-0.000000000000000000e+00,9.768750828359779037e-01,2.138108335286154904e-01,0.000000000000000000e+00
-3.190356605279206192e+01,-1.439313979349655703e+01,1.295999999999999943e+02,-0.000000000000000000e+00,9.783773699121636191e-01,2.068277593645431456e-01,0.000000000000000000e+00
-3.210591993131748012e+01,-1.393592140347493924e+01,1.295999999999999943e+02,-0.000000000000000000e+00,9.798297399878300729e-01,1.998341328086402080e-01,0.000000000000000000e+00
-3.230172169271718730e+01,-1.347585899622890970e+01,1.295999999999999943e+02,-0.000000000000000000e+00,9.812321189627787321e-01,1.928303106770700437e-01,0.000000000000000000e+00
-3.249093137812762677e+01,-1.301304646044889601e+01,1.295999999999999943e+02,-0.000000000000000000e+00,9.825844352873674969e-01,1.858166503061690344e-01,0.000000000000000000e+00
-3.267351037398398006e+01,-1.254757824606651084e+01,1.295999999999999943e+02,-0.000000000000000000e+00,9.838866199661607803e-01,1.787935095342207126e-01,0.000000000000000000e+00
-3.284942141990035935e+01,-1.207954934497936250e+01,1.295999999999999943e+02,-0.000000000000000000e+00,9.851386065614408105e-01,1.717612466832453000e-01,0.000000000000000000e+00
-3.301862861627387957e+01,-1.160905527166530149e+01,1.295999999999999943e+02,-0.000000000000000000e+00,9.863403311966197906e-01,1.647202205405955133e-01,0.000000000000000000e+00
-3.318109743161090108e+01,-1.113619204368999682e+01,1.295999999999999943e+02,-0.000000000000000000e+00,9.874917325594703144e-01,1.576707903408099132e-01,0.000000000000000000e+00
-3.333679470957424229e+01,-1.066105616211184426e+01,1.295999999999999943e+02,-0.000000000000000000e+00,9.885927519052801760e-01,1.506133157471318262e-01,0.000000000000000000e+00
-3.348568867574958574e+01,-1.018374459178821034e+01,1.295999999999999943e+02,-0.000000000000000000e+00,9.896433330598259914e-01,1.435481568333016600e-01,0.000000000000000000e+00
-3.362774894413001903e+01,-9.704354741587017941e+00,1.295999999999999943e+02,-0.000000000000000000e+00,9.906434224222619989e-01,1.364756740650430178e-01,0.000000000000000000e+00
-3.376294652331707624e+01,-9.222984444507730473e+00,1.295999999999999943e+02,-0.000000000000000000e+00,9.915929689678355530e-01,1.293962282817898990e-01,0.000000000000000000e+00
-3.389125382243729945e+01,-8.739731937715768950e+00,1.295999999999999943e+02,-0.000000000000000000e+00,9.924919242504988137e-01,1.223101806782333212e-01,0.000000000000000000e+00
-3.401264465677293458e+01,-8.254695842494456315e+00,1.295999999999999943e+02,-0.000000000000000000e+00,9.933402424053826563e-01,1.152178927858676927e-01,0.000000000000000000e+00
-3.412709425310563915e+01,-7.767975144118558717e+00,1.295999999999999943e+02,-0.000000000000000000e+00,9.941378801511322472e-01,1.081197264545789571e-01,0.000000000000000000e+00
-3.423457925477216435e+01,-7.279669171653559978e+00,1.295999999999999943e+02,-0.000000000000000000e+00,9.948847967921182756e-01,1.010160438341628913e-01,0.000000000000000000e+00
-3.433507772643093148e+01,-6.789877577684764631e+00,1.295999999999999943e+02,-0.000000000000000000e+00,9.955809542205091844e-01,9.390720735588083123e-02,0.000000000000000000e+00
-3.442856915853857913e+01,-6.298700317980386210e+00,1.295999999999999943e+02,-0.000000000000000000e+00,9.962263169182216105e-01,8.679357971391046811e-02,0.000000000000000000e+00
-3.451503447153547910e+01,-5.806237631092751705e+00,1.295999999999999943e+02,-0.000000000000000000e+00,9.968208519587262728e-01,7.967552384690684830e-02,0.000000000000000000e+00
-3.459445601973948925e+01,-5.312590017901804629e+00,1.295999999999999943e+02,-0.000000000000000000e+00,9.973645290087310711e-01,7.255340291945075459e-02,0.000000000000000000e+00
-3.466681759494704806e+01,-4.817858221105073113e+00,1.295999999999999943e+02,-0.000000000000000000e+00,9.978573203297301797e-01,6.542758030349381249e-02,0.000000000000000000e+00
-3.473210442974088608e+01,-4.322143204658281057e+00,1.295999999999999943e+02,-0.000000000000000000e+00,9.982992007794161404e-01,5.829841955987241642e-02,0.000000000000000000e+00
-3.479030320050375735e+01,-3.825546133170810492e+00,1.295999999999999943e+02,-0.000000000000000000e+00,9.986901478129632803e-01,5.116628441973824354e-02,0.000000000000000000e+00
-3.484140203013750181e+01,-3.328168351260216706e+00,1.295999999999999943e+02,-0.000000000000000000e+00,9.990301414841786798e-01,4.403153876600079258e-02,0.000000000000000000e+00
-3.488539049048690543e+01,-2.830111362870002534e+00,1.295999999999999943e+02,-0.000000000000000000e+00,9.993191644465216905e-01,3.689454661471799901e-02,0.000000000000000000e+00
-3.492225960446781841e+01,-2.331476810554879098e+00,1.295999999999999943e+02,-0.000000000000000000e+00,9.995572019539843422e-01,2.975567209662245347e-02,0.000000000000000000e+00
-3.495200184789923981e+01,-1.832366454737744066e+00,1.295999999999999943e+02,-0.000000000000000000e+00,9.997442418618480708e-01,2.261527943844006752e-02,0.000000000000000000e+00
-3.497461115103879337e+01,-1.332882152942597820e+00,1.295999999999999943e+02,-0.000000000000000000e+00,9.998802746273006692e-01,1.547373294437541860e-02,0.000000000000000000e+00
-3.499008289982145214e+01,-8.331258390076490272e-01,1.295999999999999943e+02,-0.000000000000000000e+00,9.999652933099244523e-01,8.331396977504623713e-03,0.000000000000000000e+00
-3.499841393680117108e+01,-3.331995022828435071e-01,1.295999999999999943e+02,-0.000000000000000000e+00,9.999992935720501963e-01,1.188635941158573336e-03,0.000000000000000000e+00
-3.499960256179522844e+01,1.667948331839340381e-01,1.295999999999999943e+02,-0.000000000000000000e+00,9.999822736789778510e-01,-5.954185739621364014e-03,0.000000000000000000e+00
-3.499364853223121941e+01,6.667551294677408480e-01,1.295999999999999943e+02,-0.000000000000000000e+00,9.999142344990658016e-01,-1.309670363669283161e-02,0.000000000000000000e+00
-3.498055306319656665e+01,1.166579355590288136e+00,1.295999999999999943e+02,-0.000000000000000000e+00,9.997951795036855716e-01,-2.023855333746181831e-02,0.000000000000000000e+00
-3.496031882719049833e+01,1.666165508342235313e+00,1.295999999999999943e+02,-0.000000000000000000e+00,9.996251147670465187e-01,-2.737937046334731200e-02,0.000000000000000000e+00
-3.493294995357872779e+01,2.165411633099818101e+00,1.295999999999999943e+02,-0.000000000000000000e+00,9.994040489658830850e-01,-3.451879068853318244e-02,0.000000000000000000e+00
-3.489845202775065758e+01,2.664215844631559360e+00,1.295999999999999943e+02,-0.000000000000000000e+00,9.991319933790157037e-01,-4.165644975840612080e-02,0.000000000000000000e+00
-3.485683208997959071e+01,3.162476347890821771e+00,1.295999999999999943e+02,-0.000000000000000000e+00,9.988089618867717068e-01,-4.879198350825100783e-02,0.000000000000000000e+00
-3.480809863398592086e+01,3.660091458789952679e+00,1.295999999999999943e+02,-0.000000000000000000e+00,9.984349709702803333e-01,-5.592502788175902212e-02,0.000000000000000000e+00
-3.475226160520377761e+01,4.156959624951785948e+00,1.295999999999999943e+02,-0.000000000000000000e+00,9.980100397106288490e-01,-6.305521894965633589e-02,0.000000000000000000e+00
-3.468933239875135399e+01,4.652979446434263089e+00,1.295999999999999943e+02,-0.000000000000000000e+00,9.975341897878918784e-01,-7.018219292822144850e-02,0.000000000000000000e+00
-3.461932385710543514e+01,5.148049696423951715e+00,1.295999999999999943e+02,-0.000000000000000000e+00,9.970074454800229580e-01,-7.730558619788782670e-02,0.000000000000000000e+00
-3.454225026748051164e+01,5.642069341894219825e+00,1.295999999999999943e+02,-0.000000000000000000e+00,9.964298336616180807e-01,-8.442503532175853198e-02,0.000000000000000000e+00
-3.445812735891308876e+01,6.134937564223879924e+00,1.295999999999999943e+02,-0.000000000000000000e+00,9.958013838025426834e-01,-9.154017706417846845e-02,0.000000000000000000e+00
-3.436697229905172435e+01,6.626553779772057062e+00,1.295999999999999943e+02,-0.000000000000000000e+00,9.951221279664287378e-01,-9.865064840925646950e-02,0.000000000000000000e+00
-3.426880369065348475e+01,7.116817660405122759e+00,1.295999999999999943e+02,-0.000000000000000000e+00,9.943921008090372826e-01,-1.057560865793994859e-01,0.000000000000000000e+00
-3.416364156778751493e+01,7.605629153971471546e+00,1.295999999999999943e+02,-0.000000000000000000e+00,9.936113395764967215e-01,-1.128561290537635070e-01,0.000000000000000000e+00
-3.405150739174656849e+01,8.092888504719979892e+00,1.295999999999999943e+02,-0.000000000000000000e+00,9.927798841033912414e-01,-1.199504135868526555e-01,0.000000000000000000e+00
-3.393242404666716538e+01,8.578496273657979287e+00,1.295999999999999943e+02,-0.000000000000000000e+00,9.918977768107407611e-01,-1.270385782268914354e-01,0.000000000000000000e+00
-3.380641583485949297e+01,9.062353358844578821e+00,1.295999999999999943e+02,-0.000000000000000000e+00,9.909650627038243398e-01,-1.341202613343921157e-01,0.000000000000000000e+00
-3.367350847184778218e+01,9.544361015615212551e+00,1.295999999999999943e+02,-0.000000000000000000e+00,9.899817893698992233e-01,-1.411951016004890924e-01,0.000000000000000000e+00
-3.353372908112240225e+01,1.002442087673326299e+01,1.295999999999999943e+02,-0.000000000000000000e+00,9.889480069757544678e-01,-1.482627380655134330e-01,0.000000000000000000e+00
-3.338710618860446999e+01,1.050243497246467150e+01,1.295999999999999943e+02,-0.000000000000000000e+00,9.878637682651688623e-01,-1.553228101372775283e-01,0.000000000000000000e+00
-3.323366971682439441e+01,1.097830575057141722e+01,1.295999999999999943e+02,-0.000000000000000000e+00,9.867291285562047598e-01,-1.623749576095796232e-01,0.000000000000000000e+00
-3.307345097881528773e+01,1.145193609621980535e+01,1.295999999999999943e+02,-0.000000000000000000e+00,9.855441457384018777e-01,-1.694188206804775609e-01,0.000000000000000000e+00
-3.290648267172272057e+01,1.192322935179947407e+01,1.295999999999999943e+02,-0.000000000000000000e+00,9.843088802698056750e-01,-1.764540399707570650e-01,0.000000000000000000e+00
-3.273279887013188727e+01,1.239208933664910717e+01,1.295999999999999943e+02,-0.000000000000000000e+00,9.830233951739006937e-01,-1.834802565421609910e-01,0.000000000000000000e+00
-3.255243501911377990e+01,1.285842036668480937e+01,1.295999999999999943e+02,-0.000000000000000000e+00,9.816877560363801436e-01,-1.904971119157888304e-01,0.000000000000000000e+00
-3.236542792699158611e+01,1.332212727392713347e+01,1.295999999999999943e+02,-0.000000000000000000e+00,9.803020310018077943e-01,-1.975042480903403674e-01,0.000000000000000000e+00
-3.217181575782892367e+01,1.378311542592278904e+01,1.295999999999999943e+02,-0.000000000000000000e+00,9.788662907701399796e-01,-2.045013075603868136e-01,0.000000000000000000e+00
-3.197163802364139329e+01,1.424129074505705894e+01,1.295999999999999943e+02,-0.000000000000000000e+00,9.773806085931200371e-01,-2.114879333346048607e-01,0.000000000000000000e+00
-3.176493557633305187e+01,1.469655972775298203e+01,1.295999999999999943e+02,-0.000000000000000000e+00,9.758450602705343035e-01,-2.184637689540240013e-01,0.000000000000000000e+00
-3.155175059935939785e+01,1.514882946355340643e+01,1.295999999999999943e+02,-0.000000000000000000e+00,9.742597241463539781e-01,-2.254284585101672400e-01,0.000000000000000000e+00
-3.133212659911868414e+01,1.559800765408196277e+01,1.295999999999999943e+02,-0.000000000000000000e+00,9.726246811047284391e-01,-2.323816466632536160e-01,0.000000000000000000e+00
-3.110610839607318212e+01,1.604400263187915954e+01,1.295999999999999943e+02,-0.000000000000000000e+00,9.709400145658694248e-01,-2.393229786602808773e-01,0.000000000000000000e+00
-3.087374211560232951e+01,1.648672337910971564e+01,1.295999999999999943e+02,-0.000000000000000000e+00,9.692058104817844466e-01,-2.462521003531692454e-01,0.000000000000000000e+00
-3.063507517858953122e+01,1.692607954613730215e+01,1.295999999999999943e+02,-0.000000000000000000e+00,9.674221573318978473e-01,-2.531686582168036770e-01,0.000000000000000000e+00
-3.039015629174460287e+01,1.736198146996292735e+01,1.295999999999999943e+02,-0.000000000000000000e+00,9.655891461185324154e-01,-2.600722993670863126e-01,0.000000000000000000e+00
-3.013903543766377879e+01,1.779434019252320809e+01,1.295999999999999943e+02,-0.000000000000000000e+00,9.637068703622749810e-01,-2.669626715789108484e-01,0.000000000000000000e+00
-2.988176386462938083e+01,1.822306747884476863e+01,1.295999999999999943e+02,-0.000000000000000000e+00,9.617754260971906888e-01,-2.738394233041829273e-01,0.000000000000000000e+00
-2.961839407615114084e+01,1.864807583505105271e+01,1.295999999999999943e+02,-0.000000000000000000e+00,9.597949118659375722e-01,-2.807022036897060535e-01,0.000000000000000000e+00
-2.934897982025139385e+01,1.906927852621793562e+01,1.295999999999999943e+02,-0.000000000000000000e+00,9.577654287147295831e-01,-2.875506625951163020e-01,0.000000000000000000e+00
-2.907357607849627001e+01,1.948658959407442026e+01,1.295999999999999943e+02,-0.000000000000000000e+00,9.556870801881858224e-01,-2.943844506107278769e-01,0.000000000000000000e+00
-2.879223905477517320e+01,1.989992387454483236e+01,1.295999999999999943e+02,-0.000000000000000000e+00,9.535599723240435477e-01,-3.012032190753765604e-01,0.000000000000000000e+00
-2.850502616383077026e+01,2.030919701512896580e+01,1.295999999999999943e+02,-0.000000000000000000e+00,9.513842136477558276e-01,-3.080066200941812826e-01,0.000000000000000000e+00
-2.821199601954192460e+01,2.071432549211657559e+01,1.295999999999999943e+02,-0.000000000000000000e+00,9.491599151669452006e-01,-3.147943065563248433e-01,0.000000000000000000e+00
-2.791320842296186555e+01,2.111522662763274383e+01,1.295999999999999943e+02,-0.000000000000000000e+00,9.468871903657435363e-01,-3.215659321527517545e-01,0.000000000000000000e+00
-2.760872435011409820e+01,2.151181860651062649e+01,1.295999999999999943e+02,-0.000000000000000000e+00,9.445661551990077731e-01,-3.283211513938203430e-01,0.000000000000000000e+00
-2.729860593954853698e+01,2.190402049298815612e+01,1.295999999999999943e+02,-0.000000000000000000e+00,9.421969280863962126e-01,-3.350596196269527982e-01,0.000000000000000000e+00
-2.698291647966038909e+01,2.229175224722524362e+01,1.295999999999999943e+02,-0.000000000000000000e+00,9.397796299063262415e-01,-3.417809930542195507e-01,0.000000000000000000e+00
-2.666172039577435271e+01,2.267493474163817524e+01,1.295999999999999943e+02,-0.000000000000000000e+00,9.373143839898142593e-01,-3.484849287498601456e-01,0.000000000000000000e+00
-2.633508323699683729e+01,2.305348977704781532e+01,1.295999999999999943e+02,-0.000000000000000000e+00,9.348013161141808247e-01,-3.551710846777865749e-01,0.000000000000000000e+00
-2.600307166283882054e+01,2.342734009863836064e+01,1.295999999999999943e+02,-0.000000000000000000e+00,9.322405544966257951e-01,-3.618391197090548572e-01,0.000000000000000000e+00
-2.566575342961207795e+01,2.379640941172335644e+01,1.295999999999999943e+02,-0.000000000000000000e+00,9.296322297876985497e-01,-3.684886936392371415e-01,0.000000000000000000e+00
-2.532319737660162673e+01,2.416062239731576966e+01,1.295999999999999943e+02,-0.000000000000000000e+00,9.269764750646275475e-01,-3.751194672057929780e-01,0.000000000000000000e+00
-2.497547341201711291e+01,2.451990472749897165e+01,1.295999999999999943e+02,-0.000000000000000000e+00,9.242734258245194345e-01,-3.817311021054043962e-01,0.000000000000000000e+00
-2.462265249872607598e+01,2.487418308059540095e+01,1.295999999999999943e+02,-0.000000000000000000e+00,9.215232199774693322e-01,-3.883232610111795879e-01,0.000000000000000000e+00
-2.426480663977197949e+01,2.522338515612996446e+01,1.295999999999999943e+02,-0.000000000000000000e+00,9.187259978395049265e-01,-3.948956075899123785e-01,0.000000000000000000e+00
-2.390200886367996702e+01,2.556743968958495472e+01,1.295999999999999943e+02,-0.000000000000000000e+00,9.158819021254354098e-01,-4.014478065192215728e-01,0.000000000000000000e+00
-2.353433320955332775e+01,2.590627646694359498e+01,1.295999999999999943e+02,-0.000000000000000000e+00,9.129910779415599809e-01,-4.079795235046832502e-01,0.000000000000000000e+00
-2.316185471196371992e+01,2.623982633901916728e+01,1.295999999999999943e+02,-0.000000000000000000e+00,9.100536727782917445e-01,-4.144904252968239500e-01,0.000000000000000000e+00
-2.278464938563828923e+01,2.656802123556688144e+01,1.295999999999999943e+02,-0.000000000000000000e+00,9.070698365025985366e-01,-4.209801797082010633e-01,0.000000000000000000e+00
-2.240279420994668413e+01,2.689079417917550785e+01,1.295999999999999943e+02,-0.000000000000000000e+00,9.040397213503793550e-01,-4.274484556302999283e-01,0.000000000000000000e+00
-2.201636711319127926e+01,2.720807929893599919e+01,1.295999999999999943e+02,-0.000000000000000000e+00,9.009634819186853605e-01,-4.338949230504531851e-01,0.000000000000000000e+00
-2.162544695670368355e+01,2.751981184388431245e+01,1.295999999999999943e+02,-0.000000000000000000e+00,8.978412751578497275e-01,-4.403192530686414474e-01,0.000000000000000000e+00
-2.123011351875088693e+01,2.782592819621568481e+01,1.295999999999999943e+02,-0.000000000000000000e+00,8.946732603634439673e-01,-4.467211179143483202e-01,0.000000000000000000e+00
-2.083044747825423926e+01,2.812636588426758522e+01,1.295999999999999943e+02,-0.000000000000000000e+00,8.914595991682049414e-01,-4.531001909631725555e-01,0.000000000000000000e+00
-2.042653039832466177e+01,2.842106359526889037e+01,1.295999999999999943e+02,-0.000000000000000000e+00,8.882004555337289498e-01,-4.594561467536116828e-01,0.000000000000000000e+00
-2.001844470961739120e+01,2.870996118785240725e+01,1.295999999999999943e+02,-0.000000000000000000e+00,8.848959957421521638e-01,-4.657886610035767982e-01,0.000000000000000000e+00
-1.960627369350967086e+01,2.899299970432846862e+01,1.295999999999999943e+02,-0.000000000000000000e+00,8.815463883876467621e-01,-4.720974106269767434e-01,0.000000000000000000e+00
-1.919010146510485981e+01,2.927012138271688713e+01,1.295999999999999943e+02,-0.000000000000000000e+00,8.781518043678174790e-01,-4.783820737502049170e-01,0.000000000000000000e+00
-1.877001295606636333e+01,2.954126966853491254e+01,1.295999999999999943e+02,-0.000000000000000000e+00,8.747124168749929041e-01,-4.846423297285417653e-01,0.000000000000000000e+00
-1.834609389728494122e+01,2.980638922633877641e+01,1.295999999999999943e+02,-0.000000000000000000e+00,8.712284013873781152e-01,-4.908778591625351795e-01,0.000000000000000000e+00
-1.791843080138290745e+01,3.006542595101643300e+01,1.295999999999999943e+02,-0.000000000000000000e+00,8.676999356601095004e-01,-4.970883439142803062e-01,0.000000000000000000e+00
-1.748711094505878449e+01,3.031832697882924421e+01,1.295999999999999943e+02,-0.000000000000000000e+00,8.641271997161878993e-01,-5.032734671236498425e-01,0.000000000000000000e+00
-1.705222235127603980e+01,3.056504069820032043e+01,1.295999999999999943e+02,-0.000000000000000000e+00,8.605103758372774081e-01,-5.094329132244868052e-01,0.000000000000000000e+00
-1.661385377129952801e+01,3.080551676024728636e+01,1.295999999999999943e+02,-0.000000000000000000e+00,8.568496485544294661e-01,-5.155663679606639072e-01,0.000000000000000000e+00
-1.617209466658328054e+01,3.103970608905742523e+01,1.295999999999999943e+02,-0.000000000000000000e+00,8.531452046386470700e-01,-5.216735184021525917e-01,0.000000000000000000e+00
-1.572703519051339782e+01,3.126756089170297059e+01,1.295999999999999943e+02,-0.000000000000000000e+00,8.493972330913714952e-01,-5.277540529609623388e-01,0.000000000000000000e+00
-1.527876617000968906e+01,3.148903466799462691e+01,1.295999999999999943e+02,-0.000000000000000000e+00,8.456059251348214678e-01,-5.338076614070678128e-01,0.000000000000000000e+00
-1.482737908698989493e+01,3.170408221997121245e+01,1.295999999999999943e+02,-0.000000000000000000e+00,8.417714742022568419e-01,-5.398340348842033398e-01,0.000000000000000000e+00
-1.437296605970022334e+01,3.191265966112359820e+01,1.295999999999999943e+02,-0.000000000000000000e+00,8.378940759281012784e-01,-5.458328659256359572e-01,0.000000000000000000e+00
-1.391561982391603003e+01,3.211472442535098537e+01,1.295999999999999943e+02,-0.000000000000000000e+00,8.339739281379489055e-01,-5.518038484698699619e-01,0.000000000000000000e+00
-1.345543371401646304e+01,3.231023527564769893e+01,1.295999999999999943e+02,-0.000000000000000000e+00,8.300112308384987037e-01,-5.577466778762204536e-01,0.000000000000000000e+00
-1.299250164393696316e+01,3.249915231251878822e+01,1.295999999999999943e+02,-0.000000000000000000e+00,8.260061862073183603e-01,-5.636610509404041958e-01,0.000000000000000000e+00
-1.252691808800348205e+01,3.268143698212261228e+01,1.295999999999999943e+02,-0.000000000000000000e+00,8.219589985825435097e-01,-5.695466659099869267e-01,0.000000000000000000e+00
-1.205877806165231725e+01,3.285705208413884293e+01,1.295999999999999943e+02,-0.000000000000000000e+00,8.178698744524823816e-01,-5.754032224997360778e-01,0.000000000000000000e+00
-1.158817710203956608e+01,3.302596177936027999e+01,1.295999999999999943e+02,-0.000000000000000000e+00,8.137390224450079534e-01,-5.812304219070461020e-01,0.000000000000000000e+00
-1.111521124854404974e+01,3.318813159700678028e+01,1.295999999999999943e+02,-0.000000000000000000e+00,8.095666533169934009e-01,-5.870279668270695916e-01,0.000000000000000000e+00
-1.063997702316779481e+01,3.334352844176004993e+01,1.295999999999999943e+02,-0.000000000000000000e+00,8.053529799435035219e-01,-5.927955614679640828e-01,0.000000000000000000e+00
-1.016257141083798743e+01,3.349212060051764439e+01,1.295999999999999943e+02,-0.000000000000000000e+00,8.010982173069616241e-01,-5.985329115659456800e-01,0.000000000000000000e+00
-9.683091839614471397e+00,3.363387774886493276e+01,1.295999999999999943e+02,-0.000000000000000000e+00,7.968025824861691975e-01,-6.042397244003174794e-01,0.000000000000000000e+00
-9.201636160806813791e+00,3.376877095726364075e+01,1.295999999999999943e+02,-0.000000000000000000e+00,7.924662946452398771e-01,-6.099157088083925204e-01,0.000000000000000000e+00
-8.718302629004979210e+00,3.389677269695575035e+01,1.295999999999999943e+02,-0.000000000000000000e+00,7.880895750224070628e-01,-6.155605752003630027e-01,0.000000000000000000e+00
-8.233189882027724948e+00,3.401785684558150535e+01,1.295999999999999943e+02,-0.000000000000000000e+00,7.836726469187352828e-01,-6.211740355740759112e-01,0.000000000000000000e+00
-7.746396920792767204e+00,3.413199869251040752e+01,1.295999999999999943e+02,-0.000000000000000000e+00,7.792157356867593920e-01,-6.267558035296859620e-01,0.000000000000000000e+00
-7.258023089112861648e+00,3.423917494388415861e+01,1.295999999999999943e+02,-0.000000000000000000e+00,7.747190687189211555e-01,-6.323055942843519572e-01,0.000000000000000000e+00
-6.768168053421897312e+00,3.433936372737036180e+01,1.295999999999999943e+02,-0.000000000000000000e+00,7.701828754360460216e-01,-6.378231246866673532e-01,0.000000000000000000e+00
-6.276931782435156926e+00,3.443254459662625067e+01,1.295999999999999943e+02,-0.000000000000000000e+00,7.656073872755707610e-01,-6.433081132311905259e-01,0.000000000000000000e+00
-5.784414526747881702e+00,3.451869853547129452e+01,1.295999999999999943e+02,-0.000000000000000000e+00,7.609928376797857608e-01,-6.487602800727456653e-01,0.000000000000000000e+00
-5.290716798376316810e+00,3.459780796176801942e+01,1.295999999999999943e+02,-0.000000000000000000e+00,7.563394620838919113e-01,-6.541793470407401001e-01,0.000000000000000000e+00
-4.795939350245402188e+00,3.466985673101012111e+01,1.295999999999999943e+02,-0.000000000000000000e+00,7.516474979039935445e-01,-6.595650376533507275e-01,0.000000000000000000e+00
-4.300183155627303577e+00,3.473483013961719479e+01,1.295999999999999943e+02,-0.000000000000000000e+00,7.469171845250131003e-01,-6.649170771315980888e-01,0.000000000000000000e+00
-3.803549387534967519e+00,3.479271492793544951e+01,1.295999999999999943e+02,-0.000000000000000000e+00,7.421487632884372632e-01,-6.702351924134118955e-01,0.000000000000000000e+00
-3.306139398074925406e+00,3.484349928294368226e+01,1.295999999999999943e+02,-0.000000000000000000e+00,7.373424774800261261e-01,-6.755191121675367949e-01,0.000000000000000000e+00
-2.808054697763537444e+00,3.488717284066406421e+01,1.295999999999999943e+02,-0.000000000000000000e+00,7.324985723174052277e-01,-6.807685668073718555e-01,0.000000000000000000e+00
-2.309396934810913127e+00,3.492372668827721327e+01,1.295999999999999943e+02,-0.000000000000000000e+00,7.276172949375416810e-01,-6.859832885047378870e-01,0.000000000000000000e+00
-1.810267874376733532e+00,3.495315336594109823e+01,1.295999999999999943e+02,-0.000000000000000000e+00,7.226988943841425872e-01,-6.911630112035350715e-01,0.000000000000000000e+00
-1.310769377802203595e+00,3.497544686831343341e+01,1.295999999999999943e+02,-0.000000000000000000e+00,7.177436215949413167e-01,-6.963074706333242103e-01,0.000000000000000000e+00
-8.110033818223763014e-01,3.499060264577722990e+01,1.295999999999999943e+02,-0.000000000000000000e+00,7.127517293889115146e-01,-7.014164043227930634e-01,0.000000000000000000e+00
-3.110718777630914200e-01,3.499861760536929012e+01,1.295999999999999943e+02,-0.000000000000000000e+00,7.077234724533247867e-01,-7.064895516131912689e-01,0.000000000000000000e+00
1.889231092732262529e-01,3.499949011141136879e+01,1.295999999999999943e+02,0.000000000000000000e+00,-7.026591073308525726e-01,7.115266536715327828e-01,0.000000000000000000e+00
6.888795412286629061e-01,3.499321998584407112e+01,1.295999999999999943e+02,0.000000000000000000e+00,-6.975588924063225171e-01,7.165274535039565240e-01,0.000000000000000000e+00
1.188695387913554891e+00,3.497980850826306209e+01,1.295999999999999943e+02,0.000000000000000000e+00,-6.924230878937154277e-01,7.214916959686591413e-01,0.000000000000000000e+00
1.688268647828621294e+00,3.495925841565805570e+01,1.295999999999999943e+02,0.000000000000000000e+00,-6.872519558227461189e-01,7.264191277890542642e-01,0.000000000000000000e+00
2.187497368981244694e+00,3.493157390185417910e+01,1.295999999999999943e+02,0.000000000000000000e+00,-6.820457600255563912e-01,7.313094975666329933e-01,0.000000000000000000e+00
2.686279669691644223e+00,3.489676061665611684e+01,1.295999999999999943e+02,0.000000000000000000e+00,-6.768047661232543533e-01,7.361625557937913067e-01,0.000000000000000000e+00
3.184513759384701714e+00,3.485482566469512022e+01,1.295999999999999943e+02,0.000000000000000000e+00,-6.715292415123507164e-01,7.409780548665709787e-01,0.000000000000000000e+00
3.682097959363196615e+00,3.480577760397910225e+01,1.295999999999999943e+02,0.000000000000000000e+00,-6.662194553511263662e-01,7.457557490972822611e-01,0.000000000000000000e+00
4.178930723558207383e+00,3.474962644414614488e+01,1.295999999999999943e+02,0.000000000000000000e+00,-6.608756785458842486e-01,7.504953947270542880e-01,0.000000000000000000e+00
4.674910659252444312e+00,3.468638364442173838e+01,1.295999999999999943e+02,0.000000000000000000e+00,-6.554981837371289810e-01,7.551967499382694626e-01,0.000000000000000000e+00
5.169936547772291391e+00,3.461606211128019339e+01,1.295999999999999943e+02,0.000000000000000000e+00,-6.500872452856883976e-01,7.598595748668731664e-01,0.000000000000000000e+00
5.663907365144326356e+00,3.453867619581074422e+01,1.295999999999999943e+02,0.000000000000000000e+00,-6.446431392586704501e-01,7.644836316146517152e-01,0.000000000000000000e+00
6.156722302712106298e+00,3.445424169078877696e+01,1.295999999999999943e+02,0.000000000000000000e+00,-6.391661434153963484e-01,7.690686842613532193e-01,0.000000000000000000e+00
6.648280787709016870e+00,3.436277582745286452e+01,1.295999999999999943e+02,0.000000000000000000e+00,-6.336565371932642021e-01,7.736144988766959774e-01,0.000000000000000000e+00
7.138482503782973332e+00,3.426429727198829056e+01,1.295999999999999943e+02,0.000000000000000000e+00,-6.281146016934217036e-01,7.781208435323617723e-01,0.000000000000000000e+00
7.627227411468798124e+00,3.415882612171763810e+01,1.295999999999999943e+02,0.000000000000000000e+00,-6.225406196664688974e-01,7.825874883137916571e-01,0.000000000000000000e+00
8.114415768604091639e+00,3.404638390099937340e+01,1.295999999999999943e+02,0.000000000000000000e+00,-6.169348754980571448e-01,7.870142053318965880e-01,0.000000000000000000e+00
8.599948150684431525e+00,3.392699355683523521e+01,1.295999999999999943e+02,0.000000000000000000e+00,-6.112976551943053449e-01,7.914007687347442976e-01,0.000000000000000000e+00
9.083725471153739406e+00,3.380067945418719688e+01,1.295999999999999943e+02,0.000000000000000000e+00,-6.056292463672943160e-01,7.957469547190131332e-01,0.000000000000000000e+00
9.565649001625684988e+00,3.366746737100516640e+01,1.295999999999999943e+02,0.000000000000000000e+00,-5.999299382203003850e-01,8.000525415414830865e-01,0.000000000000000000e+00
1.004562039203199220e+01,3.352738449296620615e+01,1.295999999999999943e+02,0.000000000000000000e+00,-5.942000215331382229e-01,8.043173095302736941e-01,0.000000000000000000e+00
1.052354169069354128e+01,3.338045940792659394e+01,1.295999999999999943e+02,0.000000000000000000e+00,-5.884397886472311212e-01,8.085410410961226813e-01,0.000000000000000000e+00
1.099931536431017065e+01,3.322672210008760629e+01,1.295999999999999943e+02,0.000000000000000000e+00,-5.826495334507810764e-01,8.127235207434242437e-01,0.000000000000000000e+00
1.147284431786508563e+01,3.306620394387645234e+01,1.295999999999999943e+02,0.000000000000000000e+00,-5.768295513637139438e-01,8.168645350812683281e-01,0.000000000000000000e+00
1.194403191443984014e+01,3.289893769754340980e+01,1.295999999999999943e+02,0.000000000000000000e+00,-5.709801393226047184e-01,8.209638728343281455e-01,0.000000000000000000e+00
1.241278199493581091e+01,3.272495749647655572e+01,1.295999999999999943e+02,0.000000000000000000e+00,-5.651015957656132516e-01,8.250213248535807065e-01,0.000000000000000000e+00
1.287899889769818351e+01,3.254429884623555580e+01,1.295999999999999943e+02,0.000000000000000000e+00,-5.591942206171259810e-01,8.290366841270686571e-01,0.000000000000000000e+00
1.334258747803839462e+01,3.235699861530567034e+01,1.295999999999999943e+02,0.000000000000000000e+00,-5.532583152725581987e-01,8.330097457903902214e-01,0.000000000000000000e+00
1.380345312765108901e+01,3.216309502757374617e+01,1.295999999999999943e+02,0.000000000000000000e+00,-5.472941825829534812e-01,8.369403071371678271e-01,0.000000000000000000e+00
1.426150179392161377e+01,3.196262765452756938e+01,1.295999999999999943e+02,0.000000000000000000e+00,-5.413021268394765384e-01,8.408281676294266926e-01,0.000000000000000000e+00
1.471663999912009047e+01,3.175563740718013861e+01,1.295999999999999943e+02,0.000000000000000000e+00,-5.352824537579750075e-01,8.446731289077694660e-01,0.000000000000000000e+00
1.516877485947819260e+01,3.154216652772067064e+01,1.295999999999999943e+02,0.000000000000000000e+00,-5.292354704633147611e-01,8.484749948015403165e-01,0.000000000000000000e+00
1.561781410414469029e+01,3.132225858089386250e+01,1.295999999999999943e+02,0.000000000000000000e+00,-5.231614854737386411e-01,8.522335713388150547e-01,0.000000000000000000e+00
1.606366609401590750e+01,3.109595844510928941e+01,1.295999999999999943e+02,0.000000000000000000e+00,-5.170608086851259388e-01,8.559486667562977713e-01,0.000000000000000000e+00
1.650623984043727432e+01,3.086331230328270081e+01,1.295999999999999943e+02,0.000000000000000000e+00,-5.109337513551697185e-01,8.596200915091116723e-01,0.000000000000000000e+00
1.694544502377211259e+01,3.062436763341109369e+01,1.295999999999999943e+02,0.000000000000000000e+00,-5.047806260875081774e-01,8.632476582804631260e-01,0.000000000000000000e+00
1.738119201183391382e+01,3.037917319888348899e+01,1.295999999999999943e+02,0.000000000000000000e+00,-4.986017468157717403e-01,8.668311819912001281e-01,0.000000000000000000e+00
1.781339187817829384e+01,3.012777903852940042e+01,1.295999999999999943e+02,0.000000000000000000e+00,-4.923974287875585998e-01,8.703704798092598560e-01,0.000000000000000000e+00
1.824195642025096475e+01,2.987023645640697822e+01,1.295999999999999943e+02,0.000000000000000000e+00,-4.861679885483652930e-01,8.738653711589884354e-01,0.000000000000000000e+00
1.866679817738792124e+01,2.960659801133299851e+01,1.295999999999999943e+02,0.000000000000000000e+00,-4.799137439254158588e-01,8.773156777303654508e-01,0.000000000000000000e+00
1.908783044866426337e+01,2.933691750615673399e+01,1.295999999999999943e+02,0.000000000000000000e+00,-4.736350140114756746e-01,8.807212234880849033e-01,0.000000000000000000e+00
1.950496731058797195e+01,2.906124997677998323e+01,1.295999999999999943e+02,0.000000000000000000e+00,-4.673321191485449999e-01,8.840818346805515704e-01,0.000000000000000000e+00
1.991812363463500546e+01,2.877965168092543990e+01,1.295999999999999943e+02,0.000000000000000000e+00,-4.610053809115156609e-01,8.873973398487445818e-01,0.000000000000000000e+00
2.032721510462217296e+01,2.849218008665570778e+01,1.295999999999999943e+02,0.000000000000000000e+00,-4.546551220917979252e-01,8.906675698349482140e-01,0.000000000000000000e+00
2.073215823391423029e+01,2.819889386064535586e+01,1.295999999999999943e+02,0.000000000000000000e+00,-4.482816666807978856e-01,8.938923577914099639e-01,0.000000000000000000e+00
2.113287038246167882e+01,2.789985285620829103e+01,1.295999999999999943e+02,0.000000000000000000e+00,-4.418853398534365873e-01,8.970715391888279822e-01,0.000000000000000000e+00
2.152926977366579209e+01,2.759511810108303465e+01,1.295999999999999943e+02,0.000000000000000000e+00,-4.354664679515279913e-01,9.002049518247613458e-01,0.000000000000000000e+00
2.192127551106743155e+01,2.728475178497827969e+01,1.295999999999999943e+02,0.000000000000000000e+00,-4.290253784671438364e-01,9.032924358318982216e-01,0.000000000000000000e+00
2.230880759485625475e+01,2.696881724688132920e+01,1.295999999999999943e+02,0.000000000000000000e+00,-4.225624000259096125e-01,9.063338336862103439e-01,0.000000000000000000e+00
2.269178693819692683e+01,2.664737896213200585e+01,1.295999999999999943e+02,0.000000000000000000e+00,-4.160778623702108825e-01,9.093289902150023529e-01,0.000000000000000000e+00
2.307013538336901348e+01,2.632050252926461908e+01,1.295999999999999943e+02,0.000000000000000000e+00,-4.095720963424009375e-01,9.122777526048144736e-01,0.000000000000000000e+00
2.344377571771726210e+01,2.598825465662075729e+01,1.295999999999999943e+02,0.000000000000000000e+00,-4.030454338679148596e-01,9.151799704092218324e-01,0.000000000000000000e+00
2.381263168940902730e+01,2.565070314873557322e+01,1.295999999999999943e+02,0.000000000000000000e+00,-3.964982079383084779e-01,9.180354955565225294e-01,0.000000000000000000e+00
2.417662802299560454e+01,2.530791689250033016e+01,1.295999999999999943e+02,0.000000000000000000e+00,-3.899307525943155328e-01,9.208441823572708351e-01,0.000000000000000000e+00
2.453569043477429545e+01,2.495996584310413979e+01,1.295999999999999943e+02,0.000000000000000000e+00,-3.833434029087437467e-01,9.236058875117376665e-01,0.000000000000000000e+00
2.488974564794809297e+01,2.460692100975758123e+01,1.295999999999999943e+02,0.000000000000000000e+00,-3.767364949694500531e-01,9.263204701171908750e-01,0.000000000000000000e+00
2.523872140757988092e+01,2.424885444120132050e+01,1.295999999999999943e+02,0.000000000000000000e+00,-3.701103658621348602e-01,9.289877916751095865e-01,0.000000000000000000e+00
2.558254649533808944e+01,2.388583921100250151e+01,1.295999999999999943e+02,0.000000000000000000e+00,-3.634653536531806672e-01,9.316077160982343397e-01,0.000000000000000000e+00
2.592115074403079689e+01,2.351794940264205280e+01,1.295999999999999943e+02,0.000000000000000000e+00,-3.568017973723633940e-01,9.341801097175270741e-01,0.000000000000000000e+00
2.625446505192530822e+01,2.314526009439584087e+01,1.295999999999999943e+02,0.000000000000000000e+00,-3.501200369956170566e-01,9.367048412889663611e-01,0.000000000000000000e+00
2.658242139685034644e+01,2.276784734401284993e+01,1.295999999999999943e+02,0.000000000000000000e+00,-3.434204134276166442e-01,9.391817820002711370e-01,0.000000000000000000e+00
2.690495285007784076e+01,2.238578817319345760e+01,1.295999999999999943e+02,0.000000000000000000e+00,-3.367032684844620816e-01,9.416108054774436908e-01,0.000000000000000000e+00
2.722199358998167540e+01,2.199916055187098962e+01,1.295999999999999943e+02,0.000000000000000000e+00,-3.299689448761440325e-01,9.439917877912520350e-01,0.000000000000000000e+00
2.753347891547039339e+01,2.160804338229973354e+01,1.295999999999999943e+02,0.000000000000000000e+00,-3.232177861891628035e-01,9.463246074635155436e-01,0.000000000000000000e+00
2.783934525919131175e+01,2.121251648295275416e+01,1.295999999999999943e+02,0.000000000000000000e+00,-3.164501368689158212e-01,9.486091454733316386e-01,0.000000000000000000e+00
2.813953020050321996e+01,2.081266057223264454e+01,1.295999999999999943e+02,0.000000000000000000e+00,-3.096663422021656564e-01,9.508452852631342767e-01,0.000000000000000000e+00
2.843397247821506113e+01,2.040855725199869042e+01,1.295999999999999943e+02,0.000000000000000000e+00,-3.028667482994213400e-01,9.530329127446413029e-01,0.000000000000000000e+00
2.872261200308801676e+01,2.000028899091370960e+01,1.295999999999999943e+02,0.000000000000000000e+00,-2.960517020772542862e-01,9.551719163046832328e-01,0.000000000000000000e+00
2.900538987009839786e+01,1.958793910761398038e+01,1.295999999999999943e+02,0.000000000000000000e+00,-2.892215512406295930e-01,9.572621868108882603e-01,0.000000000000000000e+00
2.928224837045887696e+01,1.917159175370574786e+01,1.295999999999999943e+02,0.000000000000000000e+00,-2.823766442651594599e-01,9.593036176172523577e-01,0.000000000000000000e+00
2.955313100339560251e+01,1.875133189659171506e+01,1.295999999999999943e+02,0.000000000000000000e+00,-2.755173303792813333e-01,9.612961045695930240e-01,0.000000000000000000e+00
2.981798248767874071e+01,1.832724530213103264e+01,1.295999999999999943e+02,0.000000000000000000e+00,-2.686439595465260899e-01,9.632395460108376106e-01,0.000000000000000000e+00
3.007674877290421023e+01,1.789941851713638954e+01,1.295999999999999943e+02,0.000000000000000000e+00,-2.617568824475774436e-01,9.651338427862350411e-01,0.000000000000000000e+00
3.032937705052415822e+01,1.746793885171167915e+01,1.295999999999999943e+02,0.000000000000000000e+00,-2.548564504624342142e-01,9.669788982483996653e-01,0.000000000000000000e+00
3.057581576462404982e+01,1.703289436143392166e+01,1.295999999999999943e+02,0.000000000000000000e+00,-2.479430156524402296e-01,9.687746182622528623e-01,0.000000000000000000e+00
3.081601462244407941e+01,1.659437382938303784e+01,1.295999999999999943e+02,0.000000000000000000e+00,-2.410169307423770391e-01,9.705209112098122093e-01,0.000000000000000000e+00
3.104992460464286452e+01,1.615246674802315496e+01,1.295999999999999943e+02,0.000000000000000000e+00,-2.340785491024116871e-01,9.722176879948800643e-01,0.000000000000000000e+00
3.127749797530117704e+01,1.570726330093918044e+01,1.295999999999999943e+02,0.000000000000000000e+00,-2.271282247301092128e-01,9.738648620475784945e-01,0.000000000000000000e+00
3.149868829166384288e+01,1.525885434443225996e+01,1.295999999999999943e+02,0.000000000000000000e+00,-2.201663122323422594e-01,9.754623493287738478e-01,0.000000000000000000e+00
3.171345041361766448e+01,1.480733138897801915e+01,1.295999999999999943e+02,0.000000000000000000e+00,-2.131931668072196417e-01,9.770100683343591053e-01,0.000000000000000000e+00
3.192174051290354697e+01,1.435278658055126222e+01,1.295999999999999943e+02,0.000000000000000000e+00,-2.062091442259640084e-01,9.785079400994125542e-01,0.000000000000000000e+00
3.212351608206089537e+01,1.389531268182099488e+01,1.295999999999999943e+02,0.000000000000000000e+00,-1.992146008147210601e-01,9.799558882022350037e-01,0.000000000000000000e+00
3.231873594310242481e+01,1.343500305321958699e+01,1.295999999999999943e+02,0.000000000000000000e+00,-1.922098934364564471e-01,9.813538387682325670e-01,0.000000000000000000e+00
3.250736025591773881e+01,1.297195163388994743e+01,1.295999999999999943e+02,0.000000000000000000e+00,-1.851953794726627356e-01,9.827017204737032996e-01,0.000000000000000000e+00
3.268935052640377847e+01,1.250625292251460152e+01,1.295999999999999943e+02,0.000000000000000000e+00,-1.781714168051998504e-01,9.839994645494619663e-01,0.000000000000000000e+00
3.286466961432066824e+01,1.203800195803056639e+01,1.295999999999999943e+02,0.000000000000000000e+00,-1.711383637979731476e-01,9.852470047843600032e-01,0.000000000000000000e+00
3.303328174087119606e+01,1.156729430023397853e+01,1.295999999999999943e+02,0.000000000000000000e+00,-1.640965792787026090e-01,9.864442775286541565e-01,0.000000000000000000e+00
3.319515249600250684e+01,1.109422601027843491e+01,1.295999999999999943e+02,0.000000000000000000e+00,-1.570464225205669417e-01,9.875912216972625446e-01,0.000000000000000000e+00
3.335024884542841761e+01,1.061889363107100692e+01,1.295999999999999943e+02,0.000000000000000000e+00,-1.499882532239304733e-01,9.886877787728713951e-01,0.000000000000000000e+00
3.349853913737103284e+01,1.014139416756992773e+01,1.295999999999999943e+02,0.000000000000000000e+00,-1.429224314979205546e-01,9.897338928089318699e-01,0.000000000000000000e+00
3.363999310902013207e+01,9.661825066988024346e+00,1.295999999999999943e+02,0.000000000000000000e+00,-1.358493178421270597e-01,9.907295104325037904e-01,0.000000000000000000e+00
3.377458189270919320e+01,9.180284198905843240e+00,1.295999999999999943e+02,0.000000000000000000e+00,-1.287692731281599723e-01,9.916745808469860091e-01,0.000000000000000000e+00
3.390227802180663019e+01,8.696869835298626228e+00,1.295999999999999943e+02,0.000000000000000000e+00,-1.216826585812460920e-01,9.925690558347061154e-01,0.000000000000000000e+00
3.402305543632112972e+01,8.211680630481131615e+00,1.295999999999999943e+02,0.000000000000000000e+00,-1.145898357618320429e-01,9.934128897593771379e-01,0.000000000000000000e+00
3.413688948821994984e+01,7.724815600974453744e+00,1.295999999999999943e+02,0.000000000000000000e+00,-1.074911665470676125e-01,9.942060395684340079e-01,0.000000000000000000e+00
3.424375694645900126e+01,7.236374105298907899e+00,1.295999999999999943e+02,0.000000000000000000e+00,-1.003870131124476872e-01,9.949484647952180350e-01,0.000000000000000000e+00
3.434363600172385844e+01,6.746455823697127485e+00,1.295999999999999943e+02,0.000000000000000000e+00,-9.327773791321020136e-02,9.956401275610553547e-01,0.000000000000000000e+00
3.443650627088049987e+01,6.255160737791502612e+00,1.295999999999999943e+02,0.000000000000000000e+00,-8.616370366593380237e-02,9.962809925771790587e-01,0.000000000000000000e+00
3.452234880113508808e+01,5.762589110180117657e+00,1.295999999999999943e+02,0.000000000000000000e+00,-7.904527333004049416e-02,9.968710271465307526e-01,0.000000000000000000e+00
3.460114607390185881e+01,5.268841463975337369e+00,1.295999999999999943e+02,0.000000000000000000e+00,-7.192281008917948693e-02,9.974102011654362165e-01,0.000000000000000000e+00
3.467288200837821677e+01,4.774018562289244372e+00,1.295999999999999943e+02,0.000000000000000000e+00,-6.479667733278640651e-02,9.978984871251337374e-01,0.000000000000000000e+00
3.473754196482650514e+01,4.278221387670079423e+00,1.295999999999999943e+02,0.000000000000000000e+00,-5.766723863752806767e-02,9.983358601131797627e-01,0.000000000000000000e+00
3.479511274756166728e+01,3.781551121493915257e+00,1.295999999999999943e+02,0.000000000000000000e+00,-5.053485774871793040e-02,9.987222978147213270e-01,0.000000000000000000e+00
3.484558260764417525e+01,3.284109123315742895e+00,1.295999999999999943e+02,0.000000000000000000e+00,-4.339989856181256794e-02,9.990577805136319212e-01,0.000000000000000000e+00
3.488894124527776341e+01,2.785996910184203923e+00,1.295999999999999943e+02,0.000000000000000000e+00,-3.626272510378467789e-02,9.993422910935207959e-01,0.000000000000000000e+00
3.492517981191136300e+01,2.287316135924172933e+00,1.295999999999999943e+02,0.000000000000000000e+00,-2.912370151457143938e-02,9.995758150386043761e-01,0.000000000000000000e+00
3.495429091204488969e+01,1.788168570391437617e+00,1.295999999999999943e+02,0.000000000000000000e+00,-2.198319202855702342e-02,9.997583404344450031e-01,0.000000000000000000e+00
3.497626860473855714e+01,1.288656078703688257e+00,1.295999999999999943e+02,0.000000000000000000e+00,-1.484156095586998750e-02,9.998898579685631116e-01,0.000000000000000000e+00
3.499110840482522633e+01,7.888806004520750870e-01,1.295999999999999943e+02,0.000000000000000000e+00,-7.699172663901413666e-03,9.999703609309085195e-01,0.000000000000000000e+00
3.499880728382576933e+01,2.889441288975624911e-01,1.295999999999999943e+02,0.000000000000000000e+00,-5.563915586737306967e-04,9.999998452142047078e-01,0.000000000000000000e+00
3.499936367056711362e+01,-2.110513098436674895e-01,1.295999999999999943e+02,0.000000000000000000e+00,6.586417933751834326e-03,9.999783093141580981e-01,0.000000000000000000e+00
3.499277745150288155e+01,-7.110036776215178378e-01,1.295999999999999943e+02,0.000000000000000000e+00,1.372889138587438107e-02,9.999057543295342132e-01,0.000000000000000000e+00
3.497904997073655409e+01,-1.210810945075734502e+00,1.295999999999999943e+02,0.000000000000000000e+00,2.087066438734067400e-02,9.997821839621022777e-01,0.000000000000000000e+00
3.495818402974716577e+01,-1.710371112457871323e+00,1.295999999999999943e+02,0.000000000000000000e+00,2.801137256351667049e-02,9.996076045164461465e-01,0.000000000000000000e+00
3.493018388681760200e+01,-2.209582230447209472e+00,1.295999999999999943e+02,0.000000000000000000e+00,3.515065159410965534e-02,9.993820248996424516e-01,0.000000000000000000e+00
3.489505525616556270e+01,-2.708342420956389773e+00,1.295999999999999943e+02,0.000000000000000000e+00,4.228813723172385186e-02,9.991054566208068533e-01,0.000000000000000000e+00
3.485280530677743371e+01,-3.206549897922503778e+00,1.295999999999999943e+02,0.000000000000000000e+00,4.942346532050035518e-02,9.987779137905049565e-01,0.000000000000000000e+00
3.480344266094521544e+01,-3.704102988079407410e+00,1.295999999999999943e+02,0.000000000000000000e+00,5.655627181462562214e-02,9.983994131200349953e-01,0.000000000000000000e+00
3.474697739250693473e+01,-4.200900151707013030e+00,1.295999999999999943e+02,0.000000000000000000e+00,6.368619279694366642e-02,9.979699739205736275e-01,0.000000000000000000e+00
3.468342102479078903e+01,-4.696840003353330850e+00,1.295999999999999943e+02,0.000000000000000000e+00,7.081286449752063894e-02,9.974896181021914998e-01,0.000000000000000000e+00
3.461278652826348434e+01,-5.191821332525022648e+00,1.295999999999999943e+02,0.000000000000000000e+00,7.793592331221807501e-02,9.969583701727330327e-01,0.000000000000000000e+00
3.453508831788322908e+01,-5.685743124342256927e+00,1.295999999999999943e+02,0.000000000000000000e+00,8.505500582119690511e-02,9.963762572365704173e-01,0.000000000000000000e+00
3.445034225015798768e+01,-6.178504580153635573e+00,1.295999999999999943e+02,0.000000000000000000e+00,9.216974880751815924e-02,9.957433089932158365e-01,0.000000000000000000e+00
3.435856561990948421e+01,-6.670005138107002018e+00,1.295999999999999943e+02,0.000000000000000000e+00,9.927978927562336464e-02,9.950595577358110067e-01,0.000000000000000000e+00
3.425977715674373059e+01,-7.160144493671916521e+00,1.295999999999999943e+02,0.000000000000000000e+00,1.063847644698954487e-01,9.943250383494749434e-01,0.000000000000000000e+00
3.415399702122870451e+01,-7.648822620109620551e+00,1.295999999999999943e+02,0.000000000000000000e+00,1.134843118931376516e-01,9.935397883095276050e-01,0.000000000000000000e+00
3.404124680078002996e+01,-8.135939788886306090e+00,1.295999999999999943e+02,0.000000000000000000e+00,1.205780693250844138e-01,9.927038476795762012e-01,0.000000000000000000e+00
3.392154950525544876e+01,-8.621396590025543816e+00,1.295999999999999943e+02,0.000000000000000000e+00,1.276656748408837305e-01,9.918172591094701618e-01,0.000000000000000000e+00
3.379492956225900713e+01,-9.105093952395673540e+00,1.295999999999999943e+02,0.000000000000000000e+00,1.347467668295261600e-01,9.908800678331305400e-01,0.000000000000000000e+00
3.366141281215594461e+01,-9.586933163928064161e+00,1.295999999999999943e+02,0.000000000000000000e+00,1.418209840123648702e-01,9.898923216662328661e-01,0.000000000000000000e+00
3.352102650279919516e+01,-1.006681589176209712e+01,1.295999999999999943e+02,0.000000000000000000e+00,1.488879654614691517e-01,9.888540710037777570e-01,0.000000000000000000e+00
3.337379928396873652e+01,-1.054464420231274957e+01,1.295999999999999943e+02,0.000000000000000000e+00,1.559473506181109914e-01,9.877653688175102031e-01,0.000000000000000000e+00
3.321976120152476142e+01,-1.102032058125669600e+01,1.295999999999999943e+02,0.000000000000000000e+00,1.629987793110926619e-01,9.866262706532265003e-01,0.000000000000000000e+00
3.305894369127600640e+01,-1.149374795343286237e+01,1.295999999999999943e+02,0.000000000000000000e+00,1.700418917751835290e-01,9.854368346279313018e-01,0.000000000000000000e+00
3.289137957256436096e+01,-1.196482970265334700e+01,1.295999999999999943e+02,0.000000000000000000e+00,1.770763286694397864e-01,9.841971214268778745e-01,0.000000000000000000e+00
3.271710304156717086e+01,-1.243346969142065994e+01,1.295999999999999943e+02,0.000000000000000000e+00,1.841017310955444519e-01,9.829071943004710210e-01,0.000000000000000000e+00
3.253614966431854327e+01,-1.289957228054730010e+01,1.295999999999999943e+02,0.000000000000000000e+00,1.911177406161159720e-01,9.815671190610405494e-01,0.000000000000000000e+00
3.234855636945110291e+01,-1.336304234867361984e+01,1.295999999999999943e+02,0.000000000000000000e+00,1.981239992730179089e-01,9.801769640794794070e-01,0.000000000000000000e+00
3.215436144065964186e+01,-1.382378531168002667e+01,1.295999999999999943e+02,0.000000000000000000e+00,2.051201496055829465e-01,9.787368002817627977e-01,0.000000000000000000e+00
3.195360450888828652e+01,-1.428170714198951430e+01,1.295999999999999943e+02,0.000000000000000000e+00,2.121058346688919072e-01,9.772467011453211949e-01,0.000000000000000000e+00
3.174632654424265610e+01,-1.473671438775666154e+01,1.295999999999999943e+02,0.000000000000000000e+00,2.190806980519521274e-01,9.757067426952984457e-01,0.000000000000000000e+00
3.153256984762877835e+01,-1.518871419193910199e+01,1.295999999999999943e+02,0.000000000000000000e+00,2.260443838958940965e-01,9.741170035006706529e-01,0.000000000000000000e+00
3.131237804212040032e+01,-1.563761431124761714e+01,1.295999999999999943e+02,0.000000000000000000e+00,2.329965369121480556e-01,9.724775646702323861e-01,0.000000000000000000e+00
3.108579606405644569e+01,-1.608332313497098554e+01,1.295999999999999943e+02,0.000000000000000000e+00,2.399368024005310573e-01,9.707885098484676512e-01,0.000000000000000000e+00
3.085287015387051923e+01,-1.652574970367171403e+01,1.295999999999999943e+02,0.000000000000000000e+00,2.468648262673660831e-01,9.690499252112778628e-01,0.000000000000000000e+00
3.061364784665423500e+01,-1.696480372774888679e+01,1.295999999999999943e+02,0.000000000000000000e+00,2.537802550435546145e-01,9.672618994615823640e-01,0.000000000000000000e+00
3.036817796245633616e+01,-1.740039560586429346e+01,1.295999999999999943e+02,0.000000000000000000e+00,2.606827359025987167e-01,9.654245238247969318e-01,0.000000000000000000e+00
3.011651059631958560e+01,-1.783243644322811861e+01,1.295999999999999943e+02,0.000000000000000000e+00,2.675719166786082459e-01,9.635378920441769468e-01,0.000000000000000000e+00
2.985869710805747701e+01,-1.826083806974039447e+01,1.295999999999999943e+02,0.000000000000000000e+00,2.744474458842500186e-01,9.616021003760399921e-01,0.000000000000000000e+00
2.959479011177281293e+01,-1.868551305798463602e+01,1.295999999999999943e+02,0.000000000000000000e+00,2.813089727287273467e-01,9.596172475848421257e-01,0.000000000000000000e+00
2.932484346512029916e+01,-1.910637474106983191e+01,1.295999999999999943e+02,0.000000000000000000e+00,2.881561471356118287e-01,9.575834349381570076e-01,0.000000000000000000e+00
2.904891225831540069e+01,-1.952333723031728852e+01,1.295999999999999943e+02,0.000000000000000000e+00,2.949886197607599070e-01,9.555007662014939340e-01,0.000000000000000000e+00
2.876705280289161948e+01,-1.993631543278861429e+01,1.295999999999999943e+02,0.000000000000000000e+00,3.018060420101228991e-01,9.533693476330062921e-01,0.000000000000000000e+00
2.847932262020852079e+01,-2.034522506865134517e+01,1.295999999999999943e+02,0.000000000000000000e+00,3.086080660574968548e-01,9.511892879780825538e-01,0.000000000000000000e+00
2.818578042971291708e+01,-2.074998268837861559e+01,1.295999999999999943e+02,0.000000000000000000e+00,3.153943448623254264e-01,9.489606984637796172e-01,0.000000000000000000e+00
2.788648613695548661e+01,-2.115050568977936862e+01,1.295999999999999943e+02,0.000000000000000000e+00,3.221645321873659040e-01,9.466836927931607804e-01,0.000000000000000000e+00
2.758150082136535275e+01,-2.154671233485568749e+01,1.295999999999999943e+02,0.000000000000000000e+00,3.289182826163575268e-01,9.443583871394938267e-01,0.000000000000000000e+00
2.727088672378514289e+01,-2.193852176648370289e+01,1.295999999999999943e+02,0.000000000000000000e+00,3.356552515716703100e-01,9.419849001403147737e-01,0.000000000000000000e+00
2.695470723376893929e+01,-2.232585402491480409e+01,1.295999999999999943e+02,0.000000000000000000e+00,3.423750953318615564e-01,9.395633528913835963e-01,0.000000000000000000e+00
2.663302687664589641e+01,-2.270863006409363649e+01,1.295999999999999943e+02,0.000000000000000000e+00,3.490774710492073885e-01,9.370938689405079458e-01,0.000000000000000000e+00
2.630591130035202241e+01,-2.308677176778970619e+01,1.295999999999999943e+02,0.000000000000000000e+00,3.557620367672253425e-01,9.345765742812278676e-01,0.000000000000000000e+00
2.597342726203285324e+01,-2.346020196553918424e+01,1.295999999999999943e+02,0.000000000000000000e+00,3.624284514380887723e-01,9.320115973464004888e-01,0.000000000000000000e+00
2.563564261441978687e+01,-2.382884444839372406e+01,1.295999999999999943e+02,0.000000000000000000e+00,3.690763749400544080e-01,9.293990690016363798e-01,0.000000000000000000e+00
2.529262629198282752e+01,-2.419262398447301621e+01,1.295999999999999943e+02,0.000000000000000000e+00,3.757054680947834457e-01,9.267391225386353293e-01,0.000000000000000000e+00
2.494444829686256071e+01,-2.455146633431800751e+01,1.295999999999999943e+02,0.000000000000000000e+00,3.823153926846828421e-01,9.240318936683715734e-01,0.000000000000000000e+00
2.459117968458424741e+01,-2.490529826604152319e+01,1.295999999999999943e+02,0.000000000000000000e+00,3.889058114701328117e-01,9.212775205141812140e-01,0.000000000000000000e+00
2.423289254955693650e+01,-2.525404757027331826e+01,1.295999999999999943e+02,0.000000000000000000e+00,3.954763882067006131e-01,9.184761436047117478e-01,0.000000000000000000e+00
2.386966001036057961e+01,-2.559764307489642832e+01,1.295999999999999943e+02,0.000000000000000000e+00,4.020267876623209169e-01,9.156279058667419202e-01,0.000000000000000000e+00
2.350155619482411495e+01,-2.593601465957182128e+01,1.295999999999999943e+02,0.000000000000000000e+00,4.085566756343492201e-01,9.127329526179106534e-01,0.000000000000000000e+00
2.312865622489760398e+01,-2.626909327004846162e+01,1.295999999999999943e+02,0.000000000000000000e+00,4.150657189666525637e-01,9.097914315592864343e-01,0.000000000000000000e+00
2.275103620132148663e+01,-2.659681093225575310e+01,1.295999999999999943e+02,0.000000000000000000e+00,4.215535855665962783e-01,9.068034927678357837e-01,0.000000000000000000e+00
2.236877318809607118e+01,-2.691910076617557124e+01,1.295999999999999943e+02,0.000000000000000000e+00,4.280199444219855431e-01,9.037692886887672694e-01,0.000000000000000000e+00
2.198194519675445591e+01,-2.723589699949101472e+01,1.295999999999999943e+02,0.000000000000000000e+00,4.344644656179577624e-01,9.006889741277520622e-01,0.000000000000000000e+00
2.159063117044208724e+01,-2.754713498100908708e+01,1.295999999999999943e+02,0.000000000000000000e+00,4.408868203538061081e-01,8.975627062430294734e-01,0.000000000000000000e+00
2.119491096780618022e+01,-2.785275119385460840e+01,1.295999999999999943e+02,0.000000000000000000e+00,4.472866809597668136e-01,8.943906445373832614e-01,0.000000000000000000e+00
2.079486534669831599e+01,-2.815268326843261093e+01,1.295999999999999943e+02,0.000000000000000000e+00,4.536637209137243110e-01,8.911729508500100261e-01,0.000000000000000000e+00
2.039057594769352733e+01,-2.844686999515662151e+01,1.295999999999999943e+02,0.000000000000000000e+00,4.600176148578787871e-01,8.879097893482582604e-01,0.000000000000000000e+00
1.998212527742924038e+01,-2.873525133694019829e+01,1.295999999999999943e+02,0.000000000000000000e+00,4.663480386153540658e-01,8.846013265192474995e-01,0.000000000000000000e+00
1.956959669176746885e+01,-2.901776844144917789e+01,1.295999999999999943e+02,0.000000000000000000e+00,4.726546692067127298e-01,8.812477311613874376e-01,0.000000000000000000e+00
1.915307437878370322e+01,-2.929436365311217116e+01,1.295999999999999943e+02,0.000000000000000000e+00,4.789371848664618625e-01,8.778491743757514953e-01,0.000000000000000000e+00
1.873264334158596967e+01,-2.956498052488678496e+01,1.295999999999999943e+02,0.000000000000000000e+00,4.851952650594413274e-01,8.744058295573620132e-01,0.000000000000000000e+00
1.830838938096754376e+01,-2.982956382977925713e+01,1.295999999999999943e+02,0.000000000000000000e+00,4.914285904972102159e-01,8.709178723863262306e-01,0.000000000000000000e+00
1.788039907789689309e+01,-3.008805957211504989e+01,1.295999999999999943e+02,0.000000000000000000e+00,4.976368431543143900e-01,8.673854808188850019e-01,0.000000000000000000e+00
1.744875977584837656e+01,-3.034041499855820589e+01,1.295999999999999943e+02,0.000000000000000000e+00,5.038197062845092278e-01,8.638088350783353908e-01,0.000000000000000000e+00
1.701355956297735617e+01,-3.058657860887715785e+01,1.295999999999999943e+02,0.000000000000000000e+00,5.099768644369394588e-01,8.601881176458249234e-01,0.000000000000000000e+00
1.657488725414333786e+01,-3.082650016645478175e+01,1.295999999999999943e+02,0.000000000000000000e+00,5.161080034722204113e-01,8.565235132510481408e-01,0.000000000000000000e+00
1.613283237278478310e+01,-3.106013070854060487e+01,1.295999999999999943e+02,0.000000000000000000e+00,5.222128105784575869e-01,8.528152088628274674e-01,0.000000000000000000e+00
1.568748513264934275e+01,-3.128742255624304036e+01,1.295999999999999943e+02,0.000000000000000000e+00,5.282909742872375913e-01,8.490633936795539682e-01,0.000000000000000000e+00
1.523893641938318666e+01,-3.150832932425958788e+01,1.295999999999999943e+02,0.000000000000000000e+00,5.343421844894727935e-01,8.452682591195639361e-01,0.000000000000000000e+00
1.478727777198324489e+01,-3.172280593034308538e+01,1.295999999999999943e+02,0.000000000000000000e+00,5.403661324512767372e-01,8.414299988113386197e-01,0.000000000000000000e+00
1.433260136411607988e+01,-3.193080860450198344e+01,1.295999999999999943e+02,0.000000000000000000e+00,5.458328659256358462e-01,8.378940759281013895e-01,0.000000000000000000e+00
1.395621741238250735e+01,-3.209710260347982569e+01,1.295999999999999943e+02,0.000000000000000000e+00,5.458328659256358462e-01,8.378940759281013895e-01,0.000000000000000000e+00
