3.456909192082984816e+01,5.475206276407886818e+00,1.970000000000000284e+01,0.000000000000000000e+00,0.000000000000000000e+00,-1.000000000000000000e+00
3.464377909455813409e+01,4.980820218343218642e+00,1.970000000000000284e+01,0.000000000000000000e+00,0.000000000000000000e+00,-1.000000000000000000e+00
3.471139622952751580e+01,4.485417683643634135e+00,1.970000000000000284e+01,0.000000000000000000e+00,0.000000000000000000e+00,-1.000000000000000000e+00
3.477192952655736491e+01,3.989099773147813721e+00,1.970000000000000284e+01,0.000000000000000000e+00,0.000000000000000000e+00,-1.000000000000000000e+00
3.482536663212370343e+01,3.491967774502652055e+00,1.970000000000000284e+01,0.000000000000000000e+00,0.000000000000000000e+00,-1.000000000000000000e+00
3.487169664088023779e+01,2.994123141492652795e+00,1.970000000000000284e+01,0.000000000000000000e+00,0.000000000000000000e+00,-1.000000000000000000e+00
3.491091009788394928e+01,2.495667473335434483e+00,1.970000000000000284e+01,0.000000000000000000e+00,0.000000000000000000e+00,-1.000000000000000000e+00
3.494299900052460828e+01,1.996702493947542845e+00,1.970000000000000284e+01,0.000000000000000000e+00,0.000000000000000000e+00,-1.000000000000000000e+00
3.496795680015794261e+01,1.497330031184823662e+00,1.970000000000000284e+01,0.000000000000000000e+00,0.000000000000000000e+00,-1.000000000000000000e+00
3.498577840344208312e+01,9.976519960615817251e-01,1.970000000000000284e+01,0.000000000000000000e+00,0.000000000000000000e+00,-1.000000000000000000e+00
3.499646017337698112e+01,4.977703619527671375e-01,1.970000000000000284e+01,0.000000000000000000e+00,0.000000000000000000e+00,-1.000000000000000000e+00
3.499999993004667687e+01,-2.212856216563343238e-03,1.970000000000000284e+01,0.000000000000000000e+00,0.000000000000000000e+00,-1.000000000000000000e+00
3.499639695106412063e+01,-5.021956227902646397e-01,1.970000000000000284e+01,0.000000000000000000e+00,0.000000000000000000e+00,-1.000000000000000000e+00
3.498565197171865293e+01,-1.002075902204352387e+00,1.970000000000000284e+01,0.000000000000000000e+00,0.000000000000000000e+00,-1.000000000000000000e+00
3.496776718482590240e+01,-1.501751679810233275e+00,1.970000000000000284e+01,0.000000000000000000e+00,0.000000000000000000e+00,-1.000000000000000000e+00
3.494274624028030019e+01,-2.001120982693667560e+00,1.970000000000000284e+01,0.000000000000000000e+00,0.000000000000000000e+00,-1.000000000000000000e+00
3.491059424431022506e+01,-2.500081900485212394e+00,1.970000000000000284e+01,0.000000000000000000e+00,0.000000000000000000e+00,-1.000000000000000000e+00
3.487131775843591441e+01,-2.998532606157906066e+00,1.970000000000000284e+01,0.000000000000000000e+00,0.000000000000000000e+00,-1.000000000000000000e+00
3.482492479813041086e+01,-3.496371376807935416e+00,1.970000000000000284e+01,0.000000000000000000e+00,0.000000000000000000e+00,-1.000000000000000000e+00
3.477142483118377214e+01,-3.993496614414064005e+00,1.970000000000000284e+01,0.000000000000000000e+00,0.000000000000000000e+00,-1.000000000000000000e+00
3.471082877577092063e+01,-4.489806866571567134e+00,1.970000000000000284e+01,0.000000000000000000e+00,0.000000000000000000e+00,-1.000000000000000000e+00
3.464314899822347371e+01,-4.985200847196451512e+00,1.970000000000000284e+01,0.000000000000000000e+00,0.000000000000000000e+00,-1.000000000000000000e+00
3.456839931050600967e+01,-5.479577457195734524e+00,1.970000000000000284e+01,0.000000000000000000e+00,0.000000000000000000e+00,-1.000000000000000000e+00
3.448659496739741570e+01,-5.972835805099561135e+00,1.970000000000000284e+01,0.000000000000000000e+00,0.000000000000000000e+00,-1.000000000000000000e+00
3.439775266337765913e+01,-6.464875227650948020e+00,1.970000000000000284e+01,0.000000000000000000e+00,0.000000000000000000e+00,-1.000000000000000000e+00
3.430189052922085580e+01,-6.955595310348959615e+00,1.970000000000000284e+01,0.000000000000000000e+00,0.000000000000000000e+00,-1.000000000000000000e+00
3.419902812829513294e+01,-7.444895907941111446e+00,1.970000000000000284e+01,0.000000000000000000e+00,0.000000000000000000e+00,-1.000000000000000000e+00
3.408918645257019620e+01,-7.932677164860828967e+00,1.970000000000000284e+01,0.000000000000000000e+00,0.000000000000000000e+00,-1.000000000000000000e+00
3.397238791833333948e+01,-8.418839535605791013e+00,1.970000000000000284e+01,0.000000000000000000e+00,0.000000000000000000e+00,-1.000000000000000000e+00
3.384865636161472935e+01,-8.903283805052989663e+00,1.970000000000000284e+01,0.000000000000000000e+00,0.000000000000000000e+00,-1.000000000000000000e+00
3.371801703332303646e+01,-9.385911108706375572e+00,1.970000000000000284e+01,0.000000000000000000e+00,0.000000000000000000e+00,-1.000000000000000000e+00
3.358049659409224574e+01,-9.866622952872932117e+00,1.970000000000000284e+01,0.000000000000000000e+00,0.000000000000000000e+00,-1.000000000000000000e+00
3.343612310884083172e+01,-1.034532123476309984e+01,1.970000000000000284e+01,0.000000000000000000e+00,0.000000000000000000e+00,-1.000000000000000000e+00
3.328492604104427244e+01,-1.082190826251140869e+01,1.970000000000000284e+01,0.000000000000000000e+00,0.000000000000000000e+00,-1.000000000000000000e+00
3.312693624672227344e+01,-1.129628677511324319e+01,1.970000000000000284e+01,0.000000000000000000e+00,0.000000000000000000e+00,-1.000000000000000000e+00
3.296218596814163249e+01,-1.176835996227371339e+01,1.970000000000000284e+01,0.000000000000000000e+00,0.000000000000000000e+00,-1.000000000000000000e+00
3.279070882723639357e+01,-1.223803148416449638e+01,1.970000000000000284e+01,0.000000000000000000e+00,0.000000000000000000e+00,-1.000000000000000000e+00
3.261253981874627073e+01,-1.270520549108471009e+01,1.970000000000000284e+01,0.000000000000000000e+00,0.000000000000000000e+00,-1.000000000000000000e+00
3.242771530307502559e+01,-1.316978664302173385e+01,1.970000000000000284e+01,0.000000000000000000e+00,0.000000000000000000e+00,-1.000000000000000000e+00
3.223627299887009912e+01,-1.363168012910802673e+01,1.970000000000000284e+01,0.000000000000000000e+00,0.000000000000000000e+00,-1.000000000000000000e+00
3.203825197532503211e+01,-1.409079168696995588e+01,1.970000000000000284e+01,0.000000000000000000e+00,0.000000000000000000e+00,-1.000000000000000000e+00
3.183369264420633371e+01,-1.454702762196468235e+01,1.970000000000000284e+01,0.000000000000000000e+00,0.000000000000000000e+00,-1.000000000000000000e+00
3.162263675160630072e+01,-1.500029482630119837e+01,1.970000000000000284e+01,0.000000000000000000e+00,0.000000000000000000e+00,-1.000000000000000000e+00
3.140512736942354621e+01,-1.545050079804159893e+01,1.970000000000000284e+01,0.000000000000000000e+00,0.000000000000000000e+00,-1.000000000000000000e+00
3.118120888657298551e+01,-1.589755365997869063e+01,1.970000000000000284e+01,0.000000000000000000e+00,0.000000000000000000e+00,-1.000000000000000000e+00
3.095092699992701313e+01,-1.634136217838613803e+01,1.970000000000000284e+01,0.000000000000000000e+00,0.000000000000000000e+00,-1.000000000000000000e+00
3.071432870498978218e+01,-1.678183578163726608e+01,1.970000000000000284e+01,0.000000000000000000e+00,0.000000000000000000e+00,-1.000000000000000000e+00
3.047146228630641929e+01,-1.721888457868876188e+01,1.970000000000000284e+01,0.000000000000000000e+00,0.000000000000000000e+00,-1.000000000000000000e+00
3.022237730760924279e+01,-1.765241937742545986e+01,1.970000000000000284e+01,0.000000000000000000e+00,0.000000000000000000e+00,-1.000000000000000000e+00
2.996712460170286363e+01,-1.808235170286251758e+01,1.970000000000000284e+01,0.000000000000000000e+00,0.000000000000000000e+00,-1.000000000000000000e+00
2.970575626009032533e+01,-1.850859381520120905e+01,1.970000000000000284e+01,0.000000000000000000e+00,0.000000000000000000e+00,-1.000000000000000000e+00
2.943832562234235795e+01,-1.893105872773473308e+01,1.970000000000000284e+01,0.000000000000000000e+00,0.000000000000000000e+00,-1.000000000000000000e+00
2.916488726521195218e+01,-1.934966022460026736e+01,1.970000000000000284e+01,0.000000000000000000e+00,0.000000000000000000e+00,-1.000000000000000000e+00
2.888549699149642791e+01,-1.976431287837376161e+01,1.970000000000000284e+01,0.000000000000000000e+00,0.000000000000000000e+00,-1.000000000000000000e+00
2.860021181864928508e+01,-2.017493206750381063e+01,1.970000000000000284e+01,0.000000000000000000e+00,0.000000000000000000e+00,-1.000000000000000000e+00
2.830908996714422798e+01,-2.058143399358105796e+01,1.970000000000000284e+01,0.000000000000000000e+00,0.000000000000000000e+00,-1.000000000000000000e+00
2.801219084859360109e+01,-2.098373569843960951e+01,1.970000000000000284e+01,0.000000000000000000e+00,0.000000000000000000e+00,-1.000000000000000000e+00
2.770957505362378015e+01,-2.138175508108702161e+01,1.970000000000000284e+01,0.000000000000000000e+00,0.000000000000000000e+00,-1.000000000000000000e+00
2.740130433950997002e+01,-2.177541091445927179e+01,1.970000000000000284e+01,0.000000000000000000e+00,0.000000000000000000e+00,-1.000000000000000000e+00
2.708744161757287472e+01,-2.216462286199747211e+01,1.970000000000000284e+01,0.000000000000000000e+00,0.000000000000000000e+00,-1.000000000000000000e+00
2.676805094033987586e+01,-2.254931149404277591e+01,1.970000000000000284e+01,0.000000000000000000e+00,0.000000000000000000e+00,-1.000000000000000000e+00
2.644319748847330587e+01,-2.292939830404624857e+01,1.970000000000000284e+01,0.000000000000000000e+00,0.000000000000000000e+00,-1.000000000000000000e+00
2.611294755746851592e+01,-2.330480572459034505e+01,1.970000000000000284e+01,0.000000000000000000e+00,0.000000000000000000e+00,-1.000000000000000000e+00
2.577736854412439271e+01,-2.367545714321871841e+01,1.970000000000000284e+01,0.000000000000000000e+00,0.000000000000000000e+00,-1.000000000000000000e+00
2.543652893278915172e+01,-2.404127691807114431e+01,1.970000000000000284e+01,0.000000000000000000e+00,0.000000000000000000e+00,-1.000000000000000000e+00
2.509049828138417126e+01,-2.440219039332039230e+01,1.970000000000000284e+01,0.000000000000000000e+00,0.000000000000000000e+00,-1.000000000000000000e+00
2.473934720720875902e+01,-2.475812391440781823e+01,1.970000000000000284e+01,0.000000000000000000e+00,0.000000000000000000e+00,-1.000000000000000000e+00
2.438314737252867559e+01,-2.510900484307468616e+01,1.970000000000000284e+01,0.000000000000000000e+00,0.000000000000000000e+00,-1.000000000000000000e+00
2.402197146995145616e+01,-2.545476157218602253e+01,1.970000000000000284e+01,0.000000000000000000e+00,0.000000000000000000e+00,-1.000000000000000000e+00
2.365589320759141856e+01,-2.579532354034409281e+01,1.970000000000000284e+01,0.000000000000000000e+00,0.000000000000000000e+00,-1.000000000000000000e+00
2.328498729402745937e+01,-2.613062124628841687e+01,1.970000000000000284e+01,0.000000000000000000e+00,0.000000000000000000e+00,-1.000000000000000000e+00
2.290932942305666131e+01,-2.646058626307948103e+01,1.970000000000000284e+01,0.000000000000000000e+00,0.000000000000000000e+00,-1.000000000000000000e+00
2.252899625824682417e+01,-2.678515125206315872e+01,1.970000000000000284e+01,0.000000000000000000e+00,0.000000000000000000e+00,-1.000000000000000000e+00
2.214406541729114153e+01,-2.710424997661308666e+01,1.970000000000000284e+01,0.000000000000000000e+00,0.000000000000000000e+00,-1.000000000000000000e+00
2.175461545616809289e+01,-2.741781731564809377e+01,1.970000000000000284e+01,0.000000000000000000e+00,0.000000000000000000e+00,-1.000000000000000000e+00
2.136072585310989069e+01,-2.772578927692199713e+01,1.970000000000000284e+01,0.000000000000000000e+00,0.000000000000000000e+00,-1.000000000000000000e+00
2.096247699238272233e+01,-2.802810301008301863e+01,1.970000000000000284e+01,0.000000000000000000e+00,0.000000000000000000e+00,-1.000000000000000000e+00
2.055995014788206632e+01,-2.832469681950018625e+01,1.970000000000000284e+01,0.000000000000000000e+00,0.000000000000000000e+00,-1.000000000000000000e+00
2.015322746654646835e+01,-2.861551017685403764e+01,1.970000000000000284e+01,0.000000000000000000e+00,0.000000000000000000e+00,-1.000000000000000000e+00
1.974239195159312743e+01,-2.890048373348915334e+01,1.970000000000000284e+01,0.000000000000000000e+00,0.000000000000000000e+00,-1.000000000000000000e+00
1.932752744557878444e+01,-2.917955933252589062e+01,1.970000000000000284e+01,0.000000000000000000e+00,0.000000000000000000e+00,-1.000000000000000000e+00
1.890871861328926329e+01,-2.945268002072898383e+01,1.970000000000000284e+01,0.000000000000000000e+00,0.000000000000000000e+00,-1.000000000000000000e+00
1.848605092446124587e+01,-2.971979006013039637e+01,1.970000000000000284e+01,0.000000000000000000e+00,0.000000000000000000e+00,-1.000000000000000000e+00
1.805961063633976593e+01,-2.998083493940426436e+01,1.970000000000000284e+01,0.000000000000000000e+00,0.000000000000000000e+00,-1.000000000000000000e+00
1.762948477607497821e+01,-3.023576138499145571e+01,1.970000000000000284e+01,0.000000000000000000e+00,0.000000000000000000e+00,-1.000000000000000000e+00
1.719576112296183723e+01,-3.048451737197153122e+01,1.970000000000000284e+01,0.000000000000000000e+00,0.000000000000000000e+00,-1.000000000000000000e+00
1.675852819052624199e+01,-3.072705213467990859e+01,1.970000000000000284e+01,0.000000000000000000e+00,0.000000000000000000e+00,-1.000000000000000000e+00
1.631787520846135919e+01,-3.096331617706801964e+01,1.970000000000000284e+01,0.000000000000000000e+00,0.000000000000000000e+00,-1.000000000000000000e+00
1.587389210441781628e+01,-3.119326128280436450e+01,1.970000000000000284e+01,0.000000000000000000e+00,0.000000000000000000e+00,-1.000000000000000000e+00
1.542666948565139151e+01,-3.141684052511442715e+01,1.970000000000000284e+01,0.000000000000000000e+00,0.000000000000000000e+00,-1.000000000000000000e+00
1.497629862053208782e+01,-3.163400827635740242e+01,1.970000000000000284e+01,0.000000000000000000e+00,0.000000000000000000e+00,-1.000000000000000000e+00
1.452287141991823027e+01,-3.184472021733779101e+01,1.970000000000000284e+01,0.000000000000000000e+00,0.000000000000000000e+00,-1.000000000000000000e+00
1.406648041839947716e+01,-3.204893334634998325e+01,1.970000000000000284e+01,0.000000000000000000e+00,0.000000000000000000e+00,-1.000000000000000000e+00
1.360721875541252679e+01,-3.224660598795397703e+01,1.970000000000000284e+01,0.000000000000000000e+00,0.000000000000000000e+00,-1.000000000000000000e+00
1.314518015623339409e+01,-3.243769780148042514e+01,1.970000000000000284e+01,0.000000000000000000e+00,0.000000000000000000e+00,-1.000000000000000000e+00
1.268045891285012239e+01,-3.262216978926324629e+01,1.970000000000000284e+01,0.000000000000000000e+00,0.000000000000000000e+00,-1.000000000000000000e+00
1.221314986471986153e+01,-3.279998430459827574e+01,1.970000000000000284e+01,0.000000000000000000e+00,0.000000000000000000e+00,-1.000000000000000000e+00
1.174334837941418996e+01,-3.297110505942605130e+01,1.970000000000000284e+01,0.000000000000000000e+00,0.000000000000000000e+00,-1.000000000000000000e+00
1.127115033315669201e+01,-3.313549713173746625e+01,1.970000000000000284e+01,0.000000000000000000e+00,0.000000000000000000e+00,-1.000000000000000000e+00
1.079665209125669634e+01,-3.329312697270056987e+01,1.970000000000000284e+01,0.000000000000000000e+00,0.000000000000000000e+00,-1.000000000000000000e+00
1.031995048844323648e+01,-3.344396241350716537e+01,1.970000000000000284e+01,0.000000000000000000e+00,0.000000000000000000e+00,-1.000000000000000000e+00
9.841142809103191169e+00,-3.358797267193774161e+01,1.970000000000000284e+01,0.000000000000000000e+00,0.000000000000000000e+00,-1.000000000000000000e+00
9.360326767427661565e+00,-3.372512835864345959e+01,1.970000000000000284e+01,0.000000000000000000e+00,0.000000000000000000e+00,-1.000000000000000000e+00
8.877600487470646229e+00,-3.385540148314388631e+01,1.970000000000000284e+01,0.000000000000000000e+00,0.000000000000000000e+00,-1.000000000000000000e+00
8.393062483124062112e+00,-3.397876545953921834e+01,1.970000000000000284e+01,0.000000000000000000e+00,0.000000000000000000e+00,-1.000000000000000000e+00
7.906811638013203414e+00,-3.409519511193591512e+01,1.970000000000000284e+01,0.000000000000000000e+00,0.000000000000000000e+00,-1.000000000000000000e+00
7.418947185316763893e+00,-3.420466667958453399e+01,1.970000000000000284e+01,0.000000000000000000e+00,0.000000000000000000e+00,-1.000000000000000000e+00
6.929568687515508252e+00,-3.430715782172875805e+01,1.970000000000000284e+01,0.000000000000000000e+00,0.000000000000000000e+00,-1.000000000000000000e+00
6.438776016073740394e+00,-3.440264762216468597e+01,1.970000000000000284e+01,0.000000000000000000e+00,0.000000000000000000e+00,-1.000000000000000000e+00
5.946669331057722552e+00,-3.449111659350936776e+01,1.970000000000000284e+01,0.000000000000000000e+00,0.000000000000000000e+00,-1.000000000000000000e+00
5.453349060695191319e+00,-3.457254668117775509e+01,1.970000000000000284e+01,0.000000000000000000e+00,0.000000000000000000e+00,-1.000000000000000000e+00
4.958915880880151228e+00,-3.464692126706721353e+01,1.970000000000000284e+01,0.000000000000000000e+00,0.000000000000000000e+00,-1.000000000000000000e+00
4.463470694627121205e+00,-3.471422517294898569e+01,1.970000000000000284e+01,0.000000000000000000e+00,0.000000000000000000e+00,-1.000000000000000000e+00
3.967114611479034991e+00,-3.477444466356565300e+01,1.970000000000000284e+01,0.000000000000000000e+00,0.000000000000000000e+00,-1.000000000000000000e+00
3.469948926872988615e+00,-3.482756744943426241e+01,1.970000000000000284e+01,0.000000000000000000e+00,0.000000000000000000e+00,-1.000000000000000000e+00
2.972075101468057756e+00,-3.487358268935432193e+01,1.970000000000000284e+01,0.000000000000000000e+00,0.000000000000000000e+00,-1.000000000000000000e+00
2.473594740439387873e+00,-3.491248099262025306e+01,1.970000000000000284e+01,0.000000000000000000e+00,0.000000000000000000e+00,-1.000000000000000000e+00
1.974609572742802577e+00,-3.494425442093782408e+01,1.970000000000000284e+01,0.000000000000000000e+00,0.000000000000000000e+00,-1.000000000000000000e+00
1.475221430354140661e+00,-3.496889649004417322e+01,1.970000000000000284e+01,0.000000000000000000e+00,0.000000000000000000e+00,-1.000000000000000000e+00
9.755322274875753985e-01,-3.498640217103114480e+01,1.970000000000000284e+01,0.000000000000000000e+00,0.000000000000000000e+00,-1.000000000000000000e+00
4.756439397971497507e-01,-3.499676789137154032e+01,1.970000000000000284e+01,0.000000000000000000e+00,0.000000000000000000e+00,-1.000000000000000000e+00
-2.434141643422879295e-02,-3.499999153564820631e+01,1.970000000000000284e+01,0.000000000000000000e+00,0.000000000000000000e+00,-1.000000000000000000e+00
-5.243218051140834390e-01,-3.499607244598573175e+01,1.970000000000000284e+01,0.000000000000000000e+00,0.000000000000000000e+00,-1.000000000000000000e+00
-1.024195191163705942e+00,-3.498501142218474769e+01,1.970000000000000284e+01,0.000000000000000000e+00,0.000000000000000000e+00,-1.000000000000000000e+00
-1.523859561341288416e+00,-3.496681072155864456e+01,1.970000000000000284e+01,0.000000000000000000e+00,0.000000000000000000e+00,-1.000000000000000000e+00
-2.023212945060597345e+00,-3.494147405847296284e+01,1.970000000000000284e+01,0.000000000000000000e+00,0.000000000000000000e+00,-1.000000000000000000e+00
-2.522153435200945371e+00,-3.490900660358732921e+01,1.970000000000000284e+01,0.000000000000000000e+00,0.000000000000000000e+00,-1.000000000000000000e+00
-3.020579208904206059e+00,-3.486941498280026508e+01,1.970000000000000284e+01,0.000000000000000000e+00,0.000000000000000000e+00,-1.000000000000000000e+00
-3.518388548354638434e+00,-3.482270727589695980e+01,1.970000000000000284e+01,0.000000000000000000e+00,0.000000000000000000e+00,-1.000000000000000000e+00
-4.015479861537269990e+00,-3.476889301490038520e+01,1.970000000000000284e+01,0.000000000000000000e+00,0.000000000000000000e+00,-1.000000000000000000e+00
-4.511751702970610012e+00,-3.470798318212600719e+01,1.970000000000000284e+01,0.000000000000000000e+00,0.000000000000000000e+00,-1.000000000000000000e+00
-5.007102794409457047e+00,-3.463999020794054928e+01,1.970000000000000284e+01,0.000000000000000000e+00,0.000000000000000000e+00,-1.000000000000000000e+00
-5.501432045513572788e+00,-3.456492796822519864e+01,1.970000000000000284e+01,0.000000000000000000e+00,0.000000000000000000e+00,-1.000000000000000000e+00
-5.994638574478019066e+00,-3.448281178154385884e+01,1.970000000000000284e+01,0.000000000000000000e+00,0.000000000000000000e+00,-1.000000000000000000e+00
-6.486621728620927563e+00,-3.439365840601698210e+01,1.970000000000000284e+01,0.000000000000000000e+00,0.000000000000000000e+00,-1.000000000000000000e+00
-6.977281104924514921e+00,-3.429748603590157074e+01,1.970000000000000284e+01,0.000000000000000000e+00,0.000000000000000000e+00,-1.000000000000000000e+00
-7.466516570525144836e+00,-3.419431429787814380e+01,1.970000000000000284e+01,0.000000000000000000e+00,0.000000000000000000e+00,-1.000000000000000000e+00
-7.954228283148261802e+00,-3.408416424704534364e+01,1.970000000000000284e+01,0.000000000000000000e+00,0.000000000000000000e+00,-1.000000000000000000e+00
-8.440316711484015855e+00,-3.396705836262309930e+01,1.970000000000000284e+01,0.000000000000000000e+00,0.000000000000000000e+00,-1.000000000000000000e+00
-8.924682655499431405e+00,-3.384302054336502863e+01,1.970000000000000284e+01,0.000000000000000000e+00,0.000000000000000000e+00,-1.000000000000000000e+00
-9.407227266682967937e+00,-3.371207610268131560e+01,1.970000000000000284e+01,0.000000000000000000e+00,0.000000000000000000e+00,-1.000000000000000000e+00
-9.887852068217336310e+00,-3.357425176347270934e+01,1.970000000000000284e+01,0.000000000000000000e+00,0.000000000000000000e+00,-1.000000000000000000e+00
-1.036645897507647796e+01,-3.342957565267702336e+01,1.970000000000000284e+01,0.000000000000000000e+00,0.000000000000000000e+00,-1.000000000000000000e+00
-1.084295031404256981e+01,-3.327807729552902316e+01,1.970000000000000284e+01,0.000000000000000000e+00,0.000000000000000000e+00,-1.000000000000000000e+00
-1.131722884363898984e+01,-3.311978760953495993e+01,1.970000000000000284e+01,0.000000000000000000e+00,0.000000000000000000e+00,-1.000000000000000000e+00
-1.178919777397519297e+01,-3.295473889816301494e+01,1.970000000000000284e+01,0.000000000000000000e+00,0.000000000000000000e+00,-1.000000000000000000e+00
-1.225876078649939949e+01,-3.278296484425081303e+01,1.970000000000000284e+01,0.000000000000000000e+00,0.000000000000000000e+00,-1.000000000000000000e+00
-1.272582205365512031e+01,-3.260450050313153980e+01,1.970000000000000284e+01,0.000000000000000000e+00,0.000000000000000000e+00,-1.000000000000000000e+00
-1.319028625843745672e+01,-3.241938229547990602e+01,1.970000000000000284e+01,0.000000000000000000e+00,0.000000000000000000e+00,-1.000000000000000000e+00
-1.365205861384522557e+01,-3.222764799987945850e+01,1.970000000000000284e+01,0.000000000000000000e+00,0.000000000000000000e+00,-1.000000000000000000e+00
-1.411104488222492392e+01,-3.202933674511281481e+01,1.970000000000000284e+01,0.000000000000000000e+00,0.000000000000000000e+00,-1.000000000000000000e+00
-1.456715139450255947e+01,-3.182448900217632826e+01,1.970000000000000284e+01,0.000000000000000000e+00,0.000000000000000000e+00,-1.000000000000000000e+00
-1.502028506929947760e+01,-3.161314657602085632e+01,1.970000000000000284e+01,0.000000000000000000e+00,0.000000000000000000e+00,-1.000000000000000000e+00
-1.547035343192822943e+01,-3.139535259702025272e+01,1.970000000000000284e+01,0.000000000000000000e+00,0.000000000000000000e+00,-1.000000000000000000e+00
-1.591726463326464192e+01,-3.117115151216943048e+01,1.970000000000000284e+01,0.000000000000000000e+00,0.000000000000000000e+00,-1.000000000000000000e+00
-1.636092746849221058e+01,-3.094058907601367991e+01,1.970000000000000284e+01,0.000000000000000000e+00,0.000000000000000000e+00,-1.000000000000000000e+00
-1.680125139571502402e+01,-3.070371234131117077e+01,1.970000000000000284e+01,0.000000000000000000e+00,0.000000000000000000e+00,-1.000000000000000000e+00
-1.723814655443536381e+01,-3.046056964943052492e+01,1.970000000000000284e+01,0.000000000000000000e+00,0.000000000000000000e+00,-1.000000000000000000e+00
-1.767152378389230805e+01,-3.021121062048537809e+01,1.970000000000000284e+01,0.000000000000000000e+00,0.000000000000000000e+00,-1.000000000000000000e+00
-1.810129464125744647e+01,-2.995568614320801260e+01,1.970000000000000284e+01,0.000000000000000000e+00,0.000000000000000000e+00,-1.000000000000000000e+00
-1.852737141968417944e+01,-2.969404836456406471e+01,1.970000000000000284e+01,0.000000000000000000e+00,0.000000000000000000e+00,-1.000000000000000000e+00
-1.894966716620673353e+01,-2.942635067911049163e+01,1.970000000000000284e+01,0.000000000000000000e+00,0.000000000000000000e+00,-1.000000000000000000e+00
-1.936809569948538012e+01,-2.915264771809888344e+01,1.970000000000000284e+01,0.000000000000000000e+00,0.000000000000000000e+00,-1.000000000000000000e+00
-1.978257162739415875e+01,-2.887299533832642595e+01,1.970000000000000284e+01,0.000000000000000000e+00,0.000000000000000000e+00,-1.000000000000000000e+00
-2.019301036444755226e+01,-2.858745061073676297e+01,1.970000000000000284e+01,0.000000000000000000e+00,0.000000000000000000e+00,-1.000000000000000000e+00
-2.059932814906253284e+01,-2.829607180877303207e+01,1.970000000000000284e+01,0.000000000000000000e+00,0.000000000000000000e+00,-1.000000000000000000e+00
-2.100144206065245811e+01,-2.799891839648556413e+01,1.970000000000000284e+01,0.000000000000000000e+00,0.000000000000000000e+00,-1.000000000000000000e+00
-2.139927003654939242e+01,-2.769605101639653455e+01,1.970000000000000284e+01,0.000000000000000000e+00,0.000000000000000000e+00,-1.000000000000000000e+00
-2.179273088875124742e+01,-2.738753147712417046e+01,1.970000000000000284e+01,0.000000000000000000e+00,0.000000000000000000e+00,-1.000000000000000000e+00
-2.218174432049053024e+01,-2.707342274076896516e+01,1.970000000000000284e+01,0.000000000000000000e+00,0.000000000000000000e+00,-1.000000000000000000e+00
-2.256623094262114293e+01,-2.675378891006446125e+01,1.970000000000000284e+01,0.000000000000000000e+00,0.000000000000000000e+00,-1.000000000000000000e+00
-2.294611228981995765e+01,-2.642869521529531696e+01,1.970000000000000284e+01,0.000000000000000000e+00,0.000000000000000000e+00,-1.000000000000000000e+00
-2.332131083659989912e+01,-2.609820800098520266e+01,1.970000000000000284e+01,0.000000000000000000e+00,0.000000000000000000e+00,-1.000000000000000000e+00
-2.369175001313119822e+01,-2.576239471235734868e+01,1.970000000000000284e+01,0.000000000000000000e+00,0.000000000000000000e+00,-1.000000000000000000e+00
-2.405735422086760877e+01,-2.542132388157043721e+01,1.970000000000000284e+01,0.000000000000000000e+00,0.000000000000000000e+00,-1.000000000000000000e+00
-2.441804884797443265e+01,-2.507506511373269831e+01,1.970000000000000284e+01,0.000000000000000000e+00,0.000000000000000000e+00,-1.000000000000000000e+00
-2.477376028455515922e+01,-2.472368907269700600e+01,1.970000000000000284e+01,0.000000000000000000e+00,0.000000000000000000e+00,-1.000000000000000000e+00
-2.512441593767365333e+01,-2.436726746663995868e+01,1.970000000000000284e+01,0.000000000000000000e+00,0.000000000000000000e+00,-1.000000000000000000e+00
-2.546994424616875818e+01,-2.400587303342777901e+01,1.970000000000000284e+01,0.000000000000000000e+00,0.000000000000000000e+00,-1.000000000000000000e+00
-2.581027469525839280e+01,-2.363957952577212041e+01,1.970000000000000284e+01,0.000000000000000000e+00,0.000000000000000000e+00,-1.000000000000000000e+00
-2.614533783093006747e+01,-2.326846169617873628e+01,1.970000000000000284e+01,0.000000000000000000e+00,0.000000000000000000e+00,-1.000000000000000000e+00
-2.647506527411493948e+01,-2.289259528169213809e+01,1.970000000000000284e+01,0.000000000000000000e+00,0.000000000000000000e+00,-1.000000000000000000e+00
-2.679938973464247098e+01,-2.251205698843932268e+01,1.970000000000000284e+01,0.000000000000000000e+00,0.000000000000000000e+00,-1.000000000000000000e+00
-2.711824502497290013e+01,-2.212692447597570222e+01,1.970000000000000284e+01,0.000000000000000000e+00,0.000000000000000000e+00,-1.000000000000000000e+00
-2.743156607370465849e+01,-2.173727634143651244e+01,1.970000000000000284e+01,0.000000000000000000e+00,0.000000000000000000e+00,-1.000000000000000000e+00
-2.773928893885404179e+01,-2.134319210349683615e+01,1.970000000000000284e+01,0.000000000000000000e+00,0.000000000000000000e+00,-1.000000000000000000e+00
-2.804135082090435915e+01,-2.094475218614358880e+01,1.970000000000000284e+01,0.000000000000000000e+00,0.000000000000000000e+00,-1.000000000000000000e+00
-2.833769007562192854e+01,-2.054203790226272730e+01,1.970000000000000284e+01,0.000000000000000000e+00,0.000000000000000000e+00,-1.000000000000000000e+00
-2.862824622663635665e+01,-2.013513143704507868e+01,1.970000000000000284e+01,0.000000000000000000e+00,0.000000000000000000e+00,-1.000000000000000000e+00
-2.891295997778241755e+01,-1.972411583121413514e+01,1.970000000000000284e+01,0.000000000000000000e+00,0.000000000000000000e+00,-1.000000000000000000e+00
-2.919177322520110707e+01,-1.930907496407924029e+01,1.970000000000000284e+01,0.000000000000000000e+00,0.000000000000000000e+00,-1.000000000000000000e+00
-2.946462906919737890e+01,-1.889009353641767319e+01,1.970000000000000284e+01,0.000000000000000000e+00,0.000000000000000000e+00,-1.000000000000000000e+00
-2.973147182585212533e+01,-1.846725705318906208e+01,1.970000000000000284e+01,0.000000000000000000e+00,0.000000000000000000e+00,-1.000000000000000000e+00
-2.999224703838605066e+01,-1.804065180608569463e+01,1.970000000000000284e+01,0.000000000000000000e+00,0.000000000000000000e+00,-1.000000000000000000e+00
-3.024690148827311376e+01,-1.761036485592225276e+01,1.970000000000000284e+01,0.000000000000000000e+00,0.000000000000000000e+00,-1.000000000000000000e+00
-3.049538320610126263e+01,-1.717648401486861331e+01,1.970000000000000284e+01,0.000000000000000000e+00,0.000000000000000000e+00,-1.000000000000000000e+00
-3.073764148217825465e+01,-1.673909782852930306e+01,1.970000000000000284e+01,0.000000000000000000e+00,0.000000000000000000e+00,-1.000000000000000000e+00
-3.097362687688040594e+01,-1.629829555787327422e+01,1.970000000000000284e+01,0.000000000000000000e+00,0.000000000000000000e+00,-1.000000000000000000e+00
-3.120329123074213129e+01,-1.585416716101767953e+01,1.970000000000000284e+01,0.000000000000000000e+00,0.000000000000000000e+00,-1.000000000000000000e+00
-3.142658767428422806e+01,-1.540680327486940193e+01,1.970000000000000284e+01,0.000000000000000000e+00,0.000000000000000000e+00,-1.000000000000000000e+00
-3.164347063757895739e+01,-1.495629519662802487e+01,1.970000000000000284e+01,0.000000000000000000e+00,0.000000000000000000e+00,-1.000000000000000000e+00
-3.185389585954980873e+01,-1.450273486515407484e+01,1.970000000000000284e+01,0.000000000000000000e+00,0.000000000000000000e+00,-1.000000000000000000e+00
-3.205782039700427077e+01,-1.404621484220631267e+01,1.970000000000000284e+01,0.000000000000000000e+00,0.000000000000000000e+00,-1.000000000000000000e+00
-3.225520263339757321e+01,-1.358682829355189270e+01,1.970000000000000284e+01,0.000000000000000000e+00,0.000000000000000000e+00,-1.000000000000000000e+00
-3.244600228732571878e+01,-1.312466896995326771e+01,1.970000000000000284e+01,0.000000000000000000e+00,0.000000000000000000e+00,-1.000000000000000000e+00
-3.263018042074605063e+01,-1.265983118803569774e+01,1.970000000000000284e+01,0.000000000000000000e+00,0.000000000000000000e+00,-1.000000000000000000e+00
-3.280769944692362117e+01,-1.219240981103930288e+01,1.970000000000000284e+01,0.000000000000000000e+00,0.000000000000000000e+00,-1.000000000000000000e+00
-3.297852313810188463e+01,-1.172250022945953241e+01,1.970000000000000284e+01,0.000000000000000000e+00,0.000000000000000000e+00,-1.000000000000000000e+00
-3.314261663289592263e+01,-1.125019834158005239e+01,1.970000000000000284e+01,0.000000000000000000e+00,0.000000000000000000e+00,-1.000000000000000000e+00
-3.329994644340694521e+01,-1.077560053390200956e+01,1.970000000000000284e+01,0.000000000000000000e+00,0.000000000000000000e+00,-1.000000000000000000e+00
-3.345048046205640446e+01,-1.029880366147362913e+01,1.970000000000000284e+01,0.000000000000000000e+00,0.000000000000000000e+00,-1.000000000000000000e+00
-3.359418796813847763e+01,-9.819905028124241042e+00,1.970000000000000284e+01,0.000000000000000000e+00,0.000000000000000000e+00,-1.000000000000000000e+00
-3.373103963408946981e+01,-9.339002366606674599e+00,1.970000000000000284e+01,0.000000000000000000e+00,0.000000000000000000e+00,-1.000000000000000000e+00
-3.386100753147294284e+01,-8.856193818652146277e+00,1.970000000000000284e+01,0.000000000000000000e+00,0.000000000000000000e+00,-1.000000000000000000e+00
-3.398406513667929119e+01,-8.371577914941672915e+00,1.970000000000000284e+01,0.000000000000000000e+00,0.000000000000000000e+00,-1.000000000000000000e+00
-3.410018733633863519e+01,-7.885253554998108427e+00,1.970000000000000284e+01,0.000000000000000000e+00,0.000000000000000000e+00,-1.000000000000000000e+00
-3.420935043244590901e+01,-7.397319987002919817e+00,1.970000000000000284e+01,0.000000000000000000e+00,0.000000000000000000e+00,-1.000000000000000000e+00
-3.431153214719711997e+01,-6.907876787541794350e+00,1.970000000000000284e+01,0.000000000000000000e+00,0.000000000000000000e+00,-1.000000000000000000e+00
-3.440671162753573498e+01,-6.417023841283230112e+00,1.970000000000000284e+01,0.000000000000000000e+00,0.000000000000000000e+00,-1.000000000000000000e+00
-3.449486944940835542e+01,-5.924861320594266623e+00,1.970000000000000284e+01,0.000000000000000000e+00,0.000000000000000000e+00,-1.000000000000000000e+00
-3.457598762172874274e+01,-5.431489665097478436e+00,1.970000000000000284e+01,0.000000000000000000e+00,0.000000000000000000e+00,-1.000000000000000000e+00
-3.465004959004939167e+01,-4.937009561173455019e+00,1.970000000000000284e+01,0.000000000000000000e+00,0.000000000000000000e+00,-1.000000000000000000e+00
-3.471704023993993360e+01,-4.441521921412902252e+00,1.970000000000000284e+01,0.000000000000000000e+00,0.000000000000000000e+00,-1.000000000000000000e+00
-3.477694590007168074e+01,-3.945127864022585751e+00,1.970000000000000284e+01,0.000000000000000000e+00,0.000000000000000000e+00,-1.000000000000000000e+00
-3.482975434500762901e+01,-3.447928692189317079e+00,1.970000000000000284e+01,0.000000000000000000e+00,0.000000000000000000e+00,-1.000000000000000000e+00
-3.487545479769739387e+01,-2.950025873406182164e+00,1.970000000000000284e+01,0.000000000000000000e+00,0.000000000000000000e+00,-1.000000000000000000e+00
-3.491403793167659586e+01,-2.451521018765243198e+00,1.970000000000000284e+01,0.000000000000000000e+00,0.000000000000000000e+00,-1.000000000000000000e+00
-3.494549587297017723e+01,-1.952515862220933762e+00,1.970000000000000284e+01,0.000000000000000000e+00,0.000000000000000000e+00,-1.000000000000000000e+00
-3.496982220169929434e+01,-1.453112239828380670e+00,1.970000000000000284e+01,0.000000000000000000e+00,0.000000000000000000e+00,-1.000000000000000000e+00
-3.498701195339150161e+01,-9.534120689608880372e-01,1.970000000000000284e+01,0.000000000000000000e+00,0.000000000000000000e+00,-1.000000000000000000e+00
-3.499706161999386467e+01,-4.535173275108280722e-01,1.970000000000000284e+01,0.000000000000000000e+00,0.000000000000000000e+00,-1.000000000000000000e+00
-3.499996915058889613e+01,4.646996692182041311e-02,1.970000000000000284e+01,0.000000000000000000e+00,0.000000000000000000e+00,-1.000000000000000000e+00
-3.499573395181309365e+01,5.464477778490358650e-01,1.970000000000000284e+01,0.000000000000000000e+00,0.000000000000000000e+00,-1.000000000000000000e+00
-3.498435688797804488e+01,1.046314070718173284e+00,1.970000000000000284e+01,0.000000000000000000e+00,0.000000000000000000e+00,-1.000000000000000000e+00
-3.496584028089402807e+01,1.545966833734987889e+00,1.970000000000000284e+01,0.000000000000000000e+00,0.000000000000000000e+00,-1.000000000000000000e+00
-3.494018790939617247e+01,2.045304098682014349e+00,1.970000000000000284e+01,0.000000000000000000e+00,0.000000000000000000e+00,-1.000000000000000000e+00
-3.490740500857330630e+01,2.544223961728054206e+00,1.970000000000000284e+01,0.000000000000000000e+00,0.000000000000000000e+00,-1.000000000000000000e+00
-3.486749826869957047e+01,3.042624604224521079e+00,1.970000000000000284e+01,0.000000000000000000e+00,0.000000000000000000e+00,-1.000000000000000000e+00
-3.482047583386908229e+01,3.540404313484404319e+00,1.970000000000000284e+01,0.000000000000000000e+00,0.000000000000000000e+00,-1.000000000000000000e+00
-3.476634730033391918e+01,4.037461503539605978e+00,1.970000000000000284e+01,0.000000000000000000e+00,0.000000000000000000e+00,-1.000000000000000000e+00
-3.470512371454570655e+01,4.533694735872421333e+00,1.970000000000000284e+01,0.000000000000000000e+00,0.000000000000000000e+00,-1.000000000000000000e+00
-3.463681757090129310e+01,5.029002740116922610e+00,1.970000000000000284e+01,0.000000000000000000e+00,0.000000000000000000e+00,-1.000000000000000000e+00
-3.456144280919292555e+01,5.523284434726026149e+00,1.970000000000000284e+01,0.000000000000000000e+00,0.000000000000000000e+00,-1.000000000000000000e+00
-3.447901481176342031e+01,6.016438947600036613e+00,1.970000000000000284e+01,0.000000000000000000e+00,0.000000000000000000e+00,-1.000000000000000000e+00
-3.438955040036699273e+01,6.508365636672434285e+00,1.970000000000000284e+01,0.000000000000000000e+00,0.000000000000000000e+00,-1.000000000000000000e+00
-3.429306783273626280e+01,6.998964110448723019e+00,1.970000000000000284e+01,0.000000000000000000e+00,0.000000000000000000e+00,-1.000000000000000000e+00
-3.418958679885630403e+01,7.488134248494142220e+00,1.970000000000000284e+01,0.000000000000000000e+00,0.000000000000000000e+00,-1.000000000000000000e+00
-3.407912841694628980e+01,7.975776221866064830e+00,1.970000000000000284e+01,0.000000000000000000e+00,0.000000000000000000e+00,-1.000000000000000000e+00
-3.396171522914976748e+01,8.461790513486898035e+00,1.970000000000000284e+01,0.000000000000000000e+00,0.000000000000000000e+00,-1.000000000000000000e+00
-3.383737119693429207e+01,8.946077938453349532e+00,1.970000000000000284e+01,0.000000000000000000e+00,0.000000000000000000e+00,-1.000000000000000000e+00
-3.370612169620139298e+01,9.428539664277902688e+00,1.970000000000000284e+01,0.000000000000000000e+00,0.000000000000000000e+00,-1.000000000000000000e+00
-3.356799351210793958e+01,9.909077231058363466e+00,1.970000000000000284e+01,0.000000000000000000e+00,0.000000000000000000e+00,-1.000000000000000000e+00
-3.342301483359984360e+01,1.038759257157138016e+01,1.970000000000000284e+01,0.000000000000000000e+00,0.000000000000000000e+00,-1.000000000000000000e+00
-3.327121524765932747e+01,1.086398803128581569e+01,1.970000000000000284e+01,0.000000000000000000e+00,0.000000000000000000e+00,-1.000000000000000000e+00
-3.311262573326686720e+01,1.133816638829191703e+01,1.970000000000000284e+01,0.000000000000000000e+00,0.000000000000000000e+00,-1.000000000000000000e+00
-3.294727865507906728e+01,1.181003087314217304e+01,1.970000000000000284e+01,0.000000000000000000e+00,0.000000000000000000e+00,-1.000000000000000000e+00
-3.277520775682370413e+01,1.227948518859984794e+01,1.970000000000000284e+01,0.000000000000000000e+00,0.000000000000000000e+00,-1.000000000000000000e+00
-3.259644815441342303e+01,1.274643352929114748e+01,1.970000000000000284e+01,0.000000000000000000e+00,0.000000000000000000e+00,-1.000000000000000000e+00
-3.241103632877929641e+01,1.321078060125700304e+01,1.970000000000000284e+01,0.000000000000000000e+00,0.000000000000000000e+00,-1.000000000000000000e+00
-3.221901011842590634e+01,1.367243164140048073e+01,1.970000000000000284e+01,0.000000000000000000e+00,0.000000000000000000e+00,-1.000000000000000000e+00
-3.202040871170928682e+01,1.413129243682586988e+01,1.970000000000000284e+01,0.000000000000000000e+00,0.000000000000000000e+00,-1.000000000000000000e+00
-3.181527263883947398e+01,1.458726934406547038e+01,1.970000000000000284e+01,0.000000000000000000e+00,0.000000000000000000e+00,-1.000000000000000000e+00
-3.160364376360916339e+01,1.504026930819018659e+01,1.970000000000000284e+01,0.000000000000000000e+00,0.000000000000000000e+00,-1.000000000000000000e+00
-3.138556527485021164e+01,1.549019988179999707e+01,1.970000000000000284e+01,0.000000000000000000e+00,0.000000000000000000e+00,-1.000000000000000000e+00
-3.116108167761975878e+01,1.593696924389045577e+01,1.970000000000000284e+01,0.000000000000000000e+00,0.000000000000000000e+00,-1.000000000000000000e+00
-3.093023878411769800e+01,1.638048621859135423e+01,1.970000000000000284e+01,0.000000000000000000e+00,0.000000000000000000e+00,-1.000000000000000000e+00
-3.069308370433743249e+01,1.682066029377372729e+01,1.970000000000000284e+01,0.000000000000000000e+00,0.000000000000000000e+00,-1.000000000000000000e+00
-3.044966483645172062e+01,1.725740163952139028e+01,1.970000000000000284e+01,0.000000000000000000e+00,0.000000000000000000e+00,-1.000000000000000000e+00
-3.020003185693569492e+01,1.769062112646328089e+01,1.970000000000000284e+01,0.000000000000000000e+00,0.000000000000000000e+00,-1.000000000000000000e+00
-2.994423571042897336e+01,1.812023034396280252e+01,1.970000000000000284e+01,0.000000000000000000e+00,0.000000000000000000e+00,-1.000000000000000000e+00
-2.968232859933894474e+01,1.854614161816051165e+01,1.970000000000000284e+01,0.000000000000000000e+00,0.000000000000000000e+00,-1.000000000000000000e+00
-2.941436397318743445e+01,1.896826802986644012e+01,1.970000000000000284e+01,0.000000000000000000e+00,0.000000000000000000e+00,-1.000000000000000000e+00
-2.914039651770280059e+01,1.938652343229839303e+01,1.970000000000000284e+01,0.000000000000000000e+00,0.000000000000000000e+00,-1.000000000000000000e+00
-2.886048214365977671e+01,1.980082246866263773e+01,1.970000000000000284e+01,0.000000000000000000e+00,0.000000000000000000e+00,-1.000000000000000000e+00
-2.857467797546931010e+01,2.021108058957335984e+01,1.970000000000000284e+01,0.000000000000000000e+00,0.000000000000000000e+00,-1.000000000000000000e+00
-2.828304233952070845e+01,2.061721407030734099e+01,1.970000000000000284e+01,0.000000000000000000e+00,0.000000000000000000e+00,-1.000000000000000000e+00
-2.798563475227850006e+01,2.101914002789033731e+01,1.970000000000000284e+01,0.000000000000000000e+00,0.000000000000000000e+00,-1.000000000000000000e+00
-2.768251590813642693e+01,2.141677643801170916e+01,1.970000000000000284e+01,0.000000000000000000e+00,0.000000000000000000e+00,-1.000000000000000000e+00
-2.737374766703103646e+01,2.181004215176378125e+01,1.970000000000000284e+01,0.000000000000000000e+00,0.000000000000000000e+00,-1.000000000000000000e+00
-2.705939304181742600e+01,2.219885691220254031e+01,1.970000000000000284e+01,0.000000000000000000e+00,0.000000000000000000e+00,-1.000000000000000000e+00
-2.673951618540969832e+01,2.258314137072636996e+01,1.970000000000000284e+01,0.000000000000000000e+00,0.000000000000000000e+00,-1.000000000000000000e+00
-2.641418237768873922e+01,2.296281710326931602e+01,1.970000000000000284e+01,0.000000000000000000e+00,0.000000000000000000e+00,-1.000000000000000000e+00
-2.608345801218003146e+01,2.333780662630576686e+01,1.970000000000000284e+01,0.000000000000000000e+00,0.000000000000000000e+00,-1.000000000000000000e+00
-2.574741058250418746e+01,2.370803341266312714e+01,1.970000000000000284e+01,0.000000000000000000e+00,0.000000000000000000e+00,-1.000000000000000000e+00
-2.540610866860297179e+01,2.407342190713935537e+01,1.970000000000000284e+01,0.000000000000000000e+00,0.000000000000000000e+00,-1.000000000000000000e+00
-2.505962192274361300e+01,2.443389754192211782e+01,1.970000000000000284e+01,0.000000000000000000e+00,0.000000000000000000e+00,-1.000000000000000000e+00
-2.470802105530433934e+01,2.478938675180645390e+01,1.970000000000000284e+01,0.000000000000000000e+00,0.000000000000000000e+00,-1.000000000000000000e+00
-2.435137782034389886e+01,2.513981698920784424e+01,1.970000000000000284e+01,0.000000000000000000e+00,0.000000000000000000e+00,-1.000000000000000000e+00
-2.398976500095813336e+01,2.548511673896755525e+01,1.970000000000000284e+01,0.000000000000000000e+00,0.000000000000000000e+00,-1.000000000000000000e+00
-2.362325639442654435e+01,2.582521553294735384e+01,1.970000000000000284e+01,0.000000000000000000e+00,0.000000000000000000e+00,-1.000000000000000000e+00
-2.325192679715187793e+01,2.616004396441050517e+01,1.970000000000000284e+01,0.000000000000000000e+00,0.000000000000000000e+00,-1.000000000000000000e+00
-2.287585198939579811e+01,2.648953370218615788e+01,1.970000000000000284e+01,0.000000000000000000e+00,0.000000000000000000e+00,-1.000000000000000000e+00
-2.249510871981381399e+01,2.681361750461426752e+01,1.970000000000000284e+01,0.000000000000000000e+00,0.000000000000000000e+00,-1.000000000000000000e+00
-2.210977468979253402e+01,2.713222923326812719e+01,1.970000000000000284e+01,0.000000000000000000e+00,0.000000000000000000e+00,-1.000000000000000000e+00
-2.171992853759252284e+01,2.744530386645179476e+01,1.970000000000000284e+01,0.000000000000000000e+00,0.000000000000000000e+00,-1.000000000000000000e+00
-2.132564982229995110e+01,2.775277751246959568e+01,1.970000000000000284e+01,0.000000000000000000e+00,0.000000000000000000e+00,-1.000000000000000000e+00
-2.092701900759030664e+01,2.805458742266501204e+01,1.970000000000000284e+01,0.000000000000000000e+00,0.000000000000000000e+00,-1.000000000000000000e+00
-2.052411744530753523e+01,2.835067200422633604e+01,1.970000000000000284e+01,0.000000000000000000e+00,0.000000000000000000e+00,-1.000000000000000000e+00
-2.011702735886189330e+01,2.864097083275638767e+01,1.970000000000000284e+01,0.000000000000000000e+00,0.000000000000000000e+00,-1.000000000000000000e+00
-1.970583182644994835e+01,2.892542466460383821e+01,1.970000000000000284e+01,0.000000000000000000e+00,0.000000000000000000e+00,-1.000000000000000000e+00
-1.929061476410014464e+01,2.920397544895354969e+01,1.970000000000000284e+01,0.000000000000000000e+00,0.000000000000000000e+00,-1.000000000000000000e+00
-1.887146090854734481e+01,2.947656633967344320e+01,1.970000000000000284e+01,0.000000000000000000e+00,0.000000000000000000e+00,-1.000000000000000000e+00
-1.844845579993995344e+01,2.974314170691559767e+01,1.970000000000000284e+01,0.000000000000000000e+00,0.000000000000000000e+00,-1.000000000000000000e+00
-1.802168576438300107e+01,3.000364714846905301e+01,1.970000000000000284e+01,0.000000000000000000e+00,0.000000000000000000e+00,-1.000000000000000000e+00
-1.759123789632090862e+01,3.025802950086213272e+01,1.970000000000000284e+01,0.000000000000000000e+00,0.000000000000000000e+00,-1.000000000000000000e+00
-1.715720004076337446e+01,3.050623685021194476e+01,1.970000000000000284e+01,0.000000000000000000e+00,0.000000000000000000e+00,-1.000000000000000000e+00
-1.671966077535816098e+01,3.074821854281886147e+01,1.970000000000000284e+01,0.000000000000000000e+00,0.000000000000000000e+00,-1.000000000000000000e+00
-1.627870939231431535e+01,3.098392519550383994e+01,1.970000000000000284e+01,0.000000000000000000e+00,0.000000000000000000e+00,-1.000000000000000000e+00
-1.583443588017956571e+01,3.121330870568645821e+01,1.970000000000000284e+01,0.000000000000000000e+00,0.000000000000000000e+00,-1.000000000000000000e+00
-1.538693090547566023e+01,3.143632226120157824e+01,1.970000000000000284e+01,0.000000000000000000e+00,0.000000000000000000e+00,-1.000000000000000000e+00
-1.493628579419527291e+01,3.165292034985272096e+01,1.970000000000000284e+01,0.000000000000000000e+00,0.000000000000000000e+00,-1.000000000000000000e+00
-1.448259251316438245e+01,3.186305876870007836e+01,1.970000000000000284e+01,0.000000000000000000e+00,0.000000000000000000e+00,-1.000000000000000000e+00
-1.402594365127385245e+01,3.206669463308139001e+01,1.970000000000000284e+01,0.000000000000000000e+00,0.000000000000000000e+00,-1.000000000000000000e+00
-1.356643240058404665e+01,3.226378638536375121e+01,1.970000000000000284e+01,0.000000000000000000e+00,0.000000000000000000e+00,-1.000000000000000000e+00
-1.310415253730638163e+01,3.245429380342464043e+01,1.970000000000000284e+01,0.000000000000000000e+00,0.000000000000000000e+00,-1.000000000000000000e+00
-1.263919840266563810e+01,3.263817800886033638e+01,1.970000000000000284e+01,0.000000000000000000e+00,0.000000000000000000e+00,-1.000000000000000000e+00
-1.217166488364698118e+01,3.281540147492020054e+01,1.970000000000000284e+01,0.000000000000000000e+00,0.000000000000000000e+00,-1.000000000000000000e+00
-1.170164739363159967e+01,3.298592803416503472e+01,1.970000000000000284e+01,0.000000000000000000e+00,0.000000000000000000e+00,-1.000000000000000000e+00
-1.122924185292491828e+01,3.314972288584807103e+01,1.970000000000000284e+01,0.000000000000000000e+00,0.000000000000000000e+00,-1.000000000000000000e+00
-1.075454466918135310e+01,3.330675260301704554e+01,1.970000000000000284e+01,0.000000000000000000e+00,0.000000000000000000e+00,-1.000000000000000000e+00
-1.027765271772962308e+01,3.345698513933592722e+01,1.970000000000000284e+01,0.000000000000000000e+00,0.000000000000000000e+00,-1.000000000000000000e+00
-9.798663321802607129e+00,3.360038983562483139e+01,1.970000000000000284e+01,0.000000000000000000e+00,0.000000000000000000e+00,-1.000000000000000000e+00
-9.317674232675793533e+00,3.373693742611693835e+01,1.970000000000000284e+01,0.000000000000000000e+00,0.000000000000000000e+00,-1.000000000000000000e+00
-8.834783609718387609e+00,3.386660004443096028e+01,1.970000000000000284e+01,0.000000000000000000e+00,0.000000000000000000e+00,-1.000000000000000000e+00
-8.350090000361120701e+00,3.398935122925810504e+01,1.970000000000000284e+01,0.000000000000000000e+00,0.000000000000000000e+00,-1.000000000000000000e+00
-7.863692319984876278e+00,3.410516592976217964e+01,1.970000000000000284e+01,0.000000000000000000e+00,0.000000000000000000e+00,-1.000000000000000000e+00
-7.375689831734216995e+00,3.421402051069199501e+01,1.970000000000000284e+01,0.000000000000000000e+00,0.000000000000000000e+00,-1.000000000000000000e+00
-6.886182126259948078e+00,3.431589275720475740e+01,1.970000000000000284e+01,0.000000000000000000e+00,0.000000000000000000e+00,-1.000000000000000000e+00
-6.395269101394839062e+00,3.441076187939965791e+01,1.970000000000000284e+01,0.000000000000000000e+00,0.000000000000000000e+00,-1.000000000000000000e+00
-5.903050941766657900e+00,3.449860851656060134e+01,1.970000000000000284e+01,0.000000000000000000e+00,0.000000000000000000e+00,-1.000000000000000000e+00
-5.409628098352675885e+00,3.457941474110736380e+01,1.970000000000000284e+01,0.000000000000000000e+00,0.000000000000000000e+00,-1.000000000000000000e+00
-4.915101267979815169e+00,3.465316406225415591e+01,1.970000000000000284e+01,0.000000000000000000e+00,0.000000000000000000e+00,-1.000000000000000000e+00
-4.419571372774630191e+00,3.471984142937509432e+01,1.970000000000000284e+01,0.000000000000000000e+00,0.000000000000000000e+00,-1.000000000000000000e+00
-3.923139539567301437e+00,3.477943323507563633e+01,1.970000000000000284e+01,0.000000000000000000e+00,0.000000000000000000e+00,-1.000000000000000000e+00
-3.425907079253857734e+00,3.483192731796962249e+01,1.970000000000000284e+01,0.000000000000000000e+00,0.000000000000000000e+00,-1.000000000000000000e+00
-2.927975466120837478e+00,3.487731296516109580e+01,1.970000000000000284e+01,0.000000000000000000e+00,0.000000000000000000e+00,-1.000000000000000000e+00
-2.429446317136600975e+00,3.491558091443061329e+01,1.970000000000000284e+01,0.000000000000000000e+00,0.000000000000000000e+00,-1.000000000000000000e+00
-1.930421371213527637e+00,3.494672335612541758e+01,1.970000000000000284e+01,0.000000000000000000e+00,0.000000000000000000e+00,-1.000000000000000000e+00
-1.431002468445323084e+00,3.497073393475326242e+01,1.970000000000000284e+01,0.000000000000000000e+00,0.000000000000000000e+00,-1.000000000000000000e+00
-9.312915293236830871e-01,3.498760775027938763e+01,1.970000000000000284e+01,0.000000000000000000e+00,0.000000000000000000e+00,-1.000000000000000000e+00
-4.313905339385449844e-01,3.499734135912652988e+01,1.970000000000000284e+01,0.000000000000000000e+00,0.000000000000000000e+00,-1.000000000000000000e+00
6.859849883382050650e-02,3.499993277487769205e+01,1.970000000000000284e+01,0.000000000000000000e+00,0.000000000000000000e+00,-1.000000000000000000e+00
5.685735321506347750e-01,3.499538146868151500e+01,1.970000000000000284e+01,0.000000000000000000e+00,0.000000000000000000e+00,-1.000000000000000000e+00
1.068432532026102555e+00,3.498368836936020188e+01,1.970000000000000284e+01,0.000000000000000000e+00,0.000000000000000000e+00,-1.000000000000000000e+00
1.568073488154319683e+00,3.496485586321996664e+01,1.970000000000000284e+01,0.000000000000000000e+00,0.000000000000000000e+00,-1.000000000000000000e+00
2.067394434727348962e+00,3.493888779356404228e+01,1.970000000000000284e+01,0.000000000000000000e+00,0.000000000000000000e+00,-1.000000000000000000e+00
2.566293471244216029e+00,3.490578945990835535e+01,1.970000000000000284e+01,0.000000000000000000e+00,0.000000000000000000e+00,-1.000000000000000000e+00
3.064668783306573552e+00,3.486556761690000172e+01,1.970000000000000284e+01,0.000000000000000000e+00,0.000000000000000000e+00,-1.000000000000000000e+00
3.562418663396799801e+00,3.481823047293877238e+01,1.970000000000000284e+01,0.000000000000000000e+00,0.000000000000000000e+00,-1.000000000000000000e+00
4.059441531634279343e+00,3.476378768850199208e+01,1.970000000000000284e+01,0.000000000000000000e+00,0.000000000000000000e+00,-1.000000000000000000e+00
4.555635956505640571e+00,3.470225037417304037e+01,1.970000000000000284e+01,0.000000000000000000e+00,0.000000000000000000e+00,-1.000000000000000000e+00
5.050900675564710340e+00,3.463363108837391025e+01,1.970000000000000284e+01,0.000000000000000000e+00,0.000000000000000000e+00,-1.000000000000000000e+00
5.545134616097966429e+00,3.455794383480232312e+01,1.970000000000000284e+01,0.000000000000000000e+00,0.000000000000000000e+00,-1.000000000000000000e+00
6.038236915751278744e+00,3.447520405957386913e+01,1.970000000000000284e+01,0.000000000000000000e+00,0.000000000000000000e+00,-1.000000000000000000e+00
6.530106943113705320e+00,3.438542864806978372e+01,1.970000000000000284e+01,0.000000000000000000e+00,0.000000000000000000e+00,-1.000000000000000000e+00
7.020644318254166016e+00,3.428863592149103567e+01,1.970000000000000284e+01,0.000000000000000000e+00,0.000000000000000000e+00,-1.000000000000000000e+00
7.509748933206799038e+00,3.418484563311935176e+01,1.970000000000000284e+01,0.000000000000000000e+00,0.000000000000000000e+00,-1.000000000000000000e+00
7.997320972400808081e+00,3.407407896428600935e+01,1.970000000000000284e+01,0.000000000000000000e+00,0.000000000000000000e+00,-1.000000000000000000e+00
8.483260933030640771e+00,3.395635852004917155e+01,1.970000000000000284e+01,0.000000000000000000e+00,0.000000000000000000e+00,-1.000000000000000000e+00
8.967469645362337261e+00,3.383170832458073107e+01,1.970000000000000284e+01,0.000000000000000000e+00,0.000000000000000000e+00,-1.000000000000000000e+00
9.449848292971909203e+00,3.370015381626345174e+01,1.970000000000000284e+01,0.000000000000000000e+00,0.000000000000000000e+00,-1.000000000000000000e+00
9.930298432911612849e+00,3.356172184249957979e+01,1.970000000000000284e+01,0.000000000000000000e+00,0.000000000000000000e+00,-1.000000000000000000e+00
1.040872201580000223e+01,3.341644065423187016e+01,1.970000000000000284e+01,0.000000000000000000e+00,0.000000000000000000e+00,-1.000000000000000000e+00
1.088502140583167233e+01,3.326433990017818587e+01,1.970000000000000284e+01,0.000000000000000000e+00,0.000000000000000000e+00,-1.000000000000000000e+00
1.135909940070259161e+01,3.310545062078082879e+01,1.970000000000000284e+01,0.000000000000000000e+00,0.000000000000000000e+00,-1.000000000000000000e+00
1.183085925144697015e+01,3.293980524187190184e+01,1.970000000000000284e+01,0.000000000000000000e+00,0.000000000000000000e+00,-1.000000000000000000e+00
1.230020468218160801e+01,3.276743756805584695e+01,1.970000000000000284e+01,0.000000000000000000e+00,0.000000000000000000e+00,-1.000000000000000000e+00
1.276703990975370395e+01,3.258838277581070741e+01,1.970000000000000284e+01,0.000000000000000000e+00,0.000000000000000000e+00,-1.000000000000000000e+00
1.323126966328810816e+01,3.240267740630937254e+01,1.970000000000000284e+01,0.000000000000000000e+00,0.000000000000000000e+00,-1.000000000000000000e+00
1.369279920363001501e+01,3.221035935796229666e+01,1.970000000000000284e+01,0.000000000000000000e+00,0.000000000000000000e+00,-1.000000000000000000e+00
1.415153434267917376e+01,3.201146787868329113e+01,1.970000000000000284e+01,0.000000000000000000e+00,0.000000000000000000e+00,-1.000000000000000000e+00
1.460738146261160253e+01,3.180604355787986037e+01,1.970000000000000284e+01,0.000000000000000000e+00,0.000000000000000000e+00,-1.000000000000000000e+00
1.506024753498495983e+01,3.159412831816980827e+01,1.970000000000000284e+01,0.000000000000000000e+00,0.000000000000000000e+00,-1.000000000000000000e+00
1.551004013972361228e+01,3.137576540682573523e+01,1.970000000000000284e+01,0.000000000000000000e+00,0.000000000000000000e+00,-1.000000000000000000e+00
1.595666748397954393e+01,3.115099938694920922e+01,1.970000000000000284e+01,0.000000000000000000e+00,0.000000000000000000e+00,-1.000000000000000000e+00
1.640003842086528607e+01,3.091987612837642629e+01,1.970000000000000284e+01,0.000000000000000000e+00,0.000000000000000000e+00,-1.000000000000000000e+00
1.684006246805499885e+01,3.068244279831717236e+01,1.970000000000000284e+01,0.000000000000000000e+00,0.000000000000000000e+00,-1.000000000000000000e+00
1.727664982624994039e+01,3.043874785172901909e+01,1.970000000000000284e+01,0.000000000000000000e+00,0.000000000000000000e+00,-1.000000000000000000e+00
1.770971139750453816e+01,3.018884102142872550e+01,1.970000000000000284e+01,0.000000000000000000e+00,0.000000000000000000e+00,-1.000000000000000000e+00
1.813915880340934450e+01,2.993277330794287394e+01,1.970000000000000284e+01,0.000000000000000000e+00,0.000000000000000000e+00,-1.000000000000000000e+00
1.856490440312712664e+01,2.967059696909974775e+01,1.970000000000000284e+01,0.000000000000000000e+00,0.000000000000000000e+00,-1.000000000000000000e+00
1.898686131127846011e+01,2.940236550936467097e+01,1.970000000000000284e+01,0.000000000000000000e+00,0.000000000000000000e+00,-1.000000000000000000e+00
1.940494341567312730e+01,2.912813366892091693e+01,1.970000000000000284e+01,0.000000000000000000e+00,0.000000000000000000e+00,-1.000000000000000000e+00
1.981906539488373653e+01,2.884795741249840972e+01,1.970000000000000284e+01,0.000000000000000000e+00,0.000000000000000000e+00,-1.000000000000000000e+00
2.022914273565796961e+01,2.856189391795257748e+01,1.970000000000000284e+01,0.000000000000000000e+00,0.000000000000000000e+00,-1.000000000000000000e+00
2.063509175016588415e+01,2.827000156459556734e+01,1.970000000000000284e+01,0.000000000000000000e+00,0.000000000000000000e+00,-1.000000000000000000e+00
2.103682959307877454e+01,2.797233992128232671e+01,1.970000000000000284e+01,0.000000000000000000e+00,0.000000000000000000e+00,-1.000000000000000000e+00
2.143427427847609579e+01,2.766896973425389561e+01,1.970000000000000284e+01,0.000000000000000000e+00,0.000000000000000000e+00,-1.000000000000000000e+00
2.182734469657698995e+01,2.735995291474041480e+01,1.970000000000000284e+01,0.000000000000000000e+00,0.000000000000000000e+00,-1.000000000000000000e+00
2.221596063029303281e+01,2.704535252632640052e+01,1.970000000000000284e+01,0.000000000000000000e+00,0.000000000000000000e+00,-1.000000000000000000e+00
2.260004277159879393e+01,2.672523277208086512e+01,1.970000000000000284e+01,0.000000000000000000e+00,0.000000000000000000e+00,-1.000000000000000000e+00
2.297951273771685266e+01,2.639965898145483436e+01,1.970000000000000284e+01,0.000000000000000000e+00,0.000000000000000000e+00,-1.000000000000000000e+00
2.335429308711402285e+01,2.606869759694906463e+01,1.970000000000000284e+01,0.000000000000000000e+00,0.000000000000000000e+00,-1.000000000000000000e+00
2.372430733530548963e+01,2.573241616055457115e+01,1.970000000000000284e+01,0.000000000000000000e+00,0.000000000000000000e+00,-1.000000000000000000e+00
2.408947997046360356e+01,2.539088329996877036e+01,1.970000000000000284e+01,0.000000000000000000e+00,0.000000000000000000e+00,-1.000000000000000000e+00
2.444973646882819907e+01,2.504416871459007154e+01,1.970000000000000284e+01,0.000000000000000000e+00,0.000000000000000000e+00,-1.000000000000000000e+00
2.480500330991528557e+01,2.469234316129378115e+01,1.970000000000000284e+01,0.000000000000000000e+00,0.000000000000000000e+00,-1.000000000000000000e+00
2.515520799152094256e+01,2.433547843999210869e+01,1.970000000000000284e+01,0.000000000000000000e+00,0.000000000000000000e+00,-1.000000000000000000e+00
2.550027904451746963e+01,2.397364737898143261e+01,1.970000000000000284e+01,0.000000000000000000e+00,0.000000000000000000e+00,-1.000000000000000000e+00
2.584014604743863330e+01,2.360692382007960077e+01,1.970000000000000284e+01,0.000000000000000000e+00,0.000000000000000000e+00,-1.000000000000000000e+00
2.617473964085119320e+01,2.323538260355643814e+01,1.970000000000000284e+01,0.000000000000000000e+00,0.000000000000000000e+00,-1.000000000000000000e+00
2.650399154150962389e+01,2.285909955286048501e+01,1.970000000000000284e+01,0.000000000000000000e+00,0.000000000000000000e+00,-1.000000000000000000e+00
2.682783455629122926e+01,2.247815145914508150e+01,1.970000000000000284e+01,0.000000000000000000e+00,0.000000000000000000e+00,-1.000000000000000000e+00
2.714620259590881801e+01,2.209261606559697100e+01,1.970000000000000284e+01,0.000000000000000000e+00,0.000000000000000000e+00,-1.000000000000000000e+00
2.745903068839805172e+01,2.170257205157061620e+01,1.970000000000000284e+01,0.000000000000000000e+00,0.000000000000000000e+00,-1.000000000000000000e+00
2.776625499237681893e+01,2.130809901653146454e+01,1.970000000000000284e+01,0.000000000000000000e+00,0.000000000000000000e+00,-1.000000000000000000e+00
2.806781281007388529e+01,2.090927746381142427e+01,1.970000000000000284e+01,0.000000000000000000e+00,0.000000000000000000e+00,-1.000000000000000000e+00
2.836364260012409844e+01,2.050618878417989777e+01,1.970000000000000284e+01,0.000000000000000000e+00,0.000000000000000000e+00,-1.000000000000000000e+00
2.865368399012767497e+01,2.009891523923370826e+01,1.970000000000000284e+01,0.000000000000000000e+00,0.000000000000000000e+00,-1.000000000000000000e+00
2.893787778897086227e+01,1.968753994460929846e+01,1.970000000000000284e+01,0.000000000000000000e+00,0.000000000000000000e+00,-1.000000000000000000e+00
2.921616599890557353e+01,1.927214685302065433e+01,1.970000000000000284e+01,0.000000000000000000e+00,0.000000000000000000e+00,-1.000000000000000000e+00
2.948849182738544528e+01,1.885282073712636119e+01,1.970000000000000284e+01,0.000000000000000000e+00,0.000000000000000000e+00,-1.000000000000000000e+00
2.975479969865596175e+01,1.842964717222939797e+01,1.970000000000000284e+01,0.000000000000000000e+00,0.000000000000000000e+00,-1.000000000000000000e+00
3.001503526509625885e+01,1.800271251881304480e+01,1.970000000000000284e+01,0.000000000000000000e+00,0.000000000000000000e+00,-1.000000000000000000e+00
3.026914541831027350e+01,1.757210390491663077e+01,1.970000000000000284e+01,0.000000000000000000e+00,0.000000000000000000e+00,-1.000000000000000000e+00
3.051707829996501076e+01,1.713790920835457143e+01,1.970000000000000284e+01,0.000000000000000000e+00,0.000000000000000000e+00,-1.000000000000000000e+00
3.075878331237372265e+01,1.670021703878245489e+01,1.970000000000000284e+01,0.000000000000000000e+00,0.000000000000000000e+00,-1.000000000000000000e+00
3.099421112882174256e+01,1.625911671961372207e+01,1.970000000000000284e+01,0.000000000000000000e+00,0.000000000000000000e+00,-1.000000000000000000e+00
3.122331370363303193e+01,1.581469826979072302e+01,1.970000000000000284e+01,0.000000000000000000e+00,0.000000000000000000e+00,-1.000000000000000000e+00
3.144604428197524015e+01,1.536705238541381213e+01,1.970000000000000284e+01,0.000000000000000000e+00,0.000000000000000000e+00,-1.000000000000000000e+00
3.166235740940133780e+01,1.491627042123225522e+01,1.970000000000000284e+01,0.000000000000000000e+00,0.000000000000000000e+00,-1.000000000000000000e+00
3.187220894112587999e+01,1.446244437200072142e+01,1.970000000000000284e+01,0.000000000000000000e+00,0.000000000000000000e+00,-1.000000000000000000e+00
3.207555605103401319e+01,1.400566685370515962e+01,1.970000000000000284e+01,0.000000000000000000e+00,0.000000000000000000e+00,-1.000000000000000000e+00
3.227235724042130727e+01,1.354603108466190164e+01,1.970000000000000284e+01,0.000000000000000000e+00,0.000000000000000000e+00,-1.000000000000000000e+00
3.246257234646277823e+01,1.308363086649383789e+01,1.970000000000000284e+01,0.000000000000000000e+00,0.000000000000000000e+00,-1.000000000000000000e+00
3.264616255040920834e+01,1.261856056498755407e+01,1.970000000000000284e+01,0.000000000000000000e+00,0.000000000000000000e+00,-1.000000000000000000e+00
3.282309038550925351e+01,1.215091509083533339e+01,1.970000000000000284e+01,0.000000000000000000e+00,0.000000000000000000e+00,-1.000000000000000000e+00
3.299331974465552264e+01,1.168078988026596754e+01,1.970000000000000284e+01,0.000000000000000000e+00,0.000000000000000000e+00,-1.000000000000000000e+00
3.315681588775330368e+01,1.120828087556829011e+01,1.970000000000000284e+01,0.000000000000000000e+00,0.000000000000000000e+00,-1.000000000000000000e+00
3.331354544881023827e+01,1.073348450551146094e+01,1.970000000000000284e+01,0.000000000000000000e+00,0.000000000000000000e+00,-1.000000000000000000e+00
3.346347644274558775e+01,1.025649766566595567e+01,1.970000000000000284e+01,0.000000000000000000e+00,0.000000000000000000e+00,-1.000000000000000000e+00
3.360657827191769798e+01,9.777417698629305320e+00,1.970000000000000284e+01,0.000000000000000000e+00,0.000000000000000000e+00,-1.000000000000000000e+00
3.374282173236829863e+01,9.296342374160584399e+00,1.970000000000000284e+01,0.000000000000000000e+00,0.000000000000000000e+00,-1.000000000000000000e+00
3.387217901978242196e+01,8.813369869227745568e+00,1.970000000000000284e+01,0.000000000000000000e+00,0.000000000000000000e+00,-1.000000000000000000e+00
3.399462373516261948e+01,8.328598747971845739e+00,1.970000000000000284e+01,0.000000000000000000e+00,0.000000000000000000e+00,-1.000000000000000000e+00
3.411013089021644618e+01,7.842127941592250018e+00,1.970000000000000284e+01,0.000000000000000000e+00,0.000000000000000000e+00,-1.000000000000000000e+00
3.421867691245600440e+01,7.354056728156947109e+00,1.970000000000000284e+01,0.000000000000000000e+00,0.000000000000000000e+00,-1.000000000000000000e+00
3.432023965000859533e+01,6.864484712342047601e+00,1.970000000000000284e+01,0.000000000000000000e+00,0.000000000000000000e+00,-1.000000000000000000e+00
3.441479837613743342e+01,6.373511805104659089e+00,1.970000000000000284e+01,0.000000000000000000e+00,0.000000000000000000e+00,-1.000000000000000000e+00
3.450233379347147888e+01,5.881238203293232658e+00,1.970000000000000284e+01,0.000000000000000000e+00,0.000000000000000000e+00,-1.000000000000000000e+00
3.456909192082984816e+01,5.475206276407901917e+00,1.970000000000000284e+01,0.000000000000000000e+00,0.000000000000000000e+00,-1.000000000000000000e+00
