-6.429395695523603956e-15,-3.500000000000000000e+01,1.244000000000000057e+02,-0.000000000000000000e+00,7.096276475745676438e-01,7.045768955889663010e-01,0.000000000000000000e+00
-4.999829933708215268e-01,-3.499642863216674016e+01,1.244000000000000057e+02,-0.000000000000000000e+00,7.146421942218816881e-01,6.994901959554074011e-01,0.000000000000000000e+00
-9.998639511313679451e-01,-3.498571525750514155e+01,1.244000000000000057e+02,-0.000000000000000000e+00,7.196202796877759766e-01,6.943678081982826988e-01,0.000000000000000000e+00
-1.499540858494616824e+00,-3.496786206238101613e+01,1.244000000000000057e+02,-0.000000000000000000e+00,7.245616499893862139e-01,6.892099936627864576e-01,0.000000000000000000e+00
-1.998911742315769180e+00,-3.494287269024160025e+01,1.244000000000000057e+02,-0.000000000000000000e+00,7.294660530170429258e-01,6.840170155016150888e-01,0.000000000000000000e+00
-2.497874691902748356e+00,-3.491075224087203566e+01,1.244000000000000057e+02,-0.000000000000000000e+00,7.343332385471725843e-01,6.787891386615001466e-01,0.000000000000000000e+00
-2.996327879813945660e+00,-3.487150726935458778e+01,1.244000000000000057e+02,-0.000000000000000000e+00,7.391629582550379718e-01,6.735266298697186738e-01,0.000000000000000000e+00
-3.494169582638979588e+00,-3.482514578473090694e+01,1.244000000000000057e+02,-0.000000000000000000e+00,7.439549657274192596e-01,6.682297576204717648e-01,0.000000000000000000e+00
-3.991298201758218589e+00,-3.477167724836755269e+01,1.244000000000000057e+02,-0.000000000000000000e+00,7.487090164751715182e-01,6.628987921612026213e-01,0.000000000000000000e+00
-4.487612284076846869e+00,-3.471111257202515077e+01,1.244000000000000057e+02,-0.000000000000000000e+00,7.534248679457166142e-01,6.575340054787884858e-01,0.000000000000000000e+00
-4.983010542729217285e+00,-3.464346411563153083e+01,1.244000000000000057e+02,-0.000000000000000000e+00,7.581022795354236399e-01,6.521356712856569704e-01,0.000000000000000000e+00
-5.477391877749296256e+00,-3.456874568475931397e+01,1.244000000000000057e+02,-0.000000000000000000e+00,7.627410126018355774e-01,6.467040650058777373e-01,0.000000000000000000e+00
-5.970655396702954754e+00,-3.448697252780855393e+01,1.244000000000000057e+02,-0.000000000000000000e+00,7.673408304759304910e-01,6.412394637610112635e-01,0.000000000000000000e+00
-6.462700435277912270e+00,-3.439816133289479438e+01,1.244000000000000057e+02,-0.000000000000000000e+00,7.719014984741021657e-01,6.357421463560801733e-01,0.000000000000000000e+00
-6.953426577827124255e+00,-3.430233022444345892e+01,1.244000000000000057e+02,-0.000000000000000000e+00,7.764227839102024742e-01,6.302123932652633487e-01,0.000000000000000000e+00
-7.442733677861422592e+00,-3.419949875949101425e+01,1.244000000000000057e+02,-0.000000000000000000e+00,7.809044561073872348e-01,6.246504866176169068e-01,0.000000000000000000e+00
-7.930521878487226672e+00,-3.408968792369380907e+01,1.244000000000000057e+02,-0.000000000000000000e+00,7.853462864098808005e-01,6.190567101826854879e-01,0.000000000000000000e+00
-8.416691632785157751e+00,-3.397292012704537001e+01,1.244000000000000057e+02,-0.000000000000000000e+00,7.897480481946516084e-01,6.134313493560125119e-01,0.000000000000000000e+00
-8.901143724125383017e+00,-3.384921919930300760e+01,1.244000000000000057e+02,-0.000000000000000000e+00,7.941095168829732653e-01,6.077746911445810474e-01,0.000000000000000000e+00
-9.383779286415579790e+00,-3.371861038512467701e+01,1.244000000000000057e+02,-0.000000000000000000e+00,7.984304699518716131e-01,6.020870241521847355e-01,0.000000000000000000e+00
-9.864499824277320528e+00,-3.358112033891711690e+01,1.244000000000000057e+02,-0.000000000000000000e+00,8.027106869455110649e-01,5.963686385646597143e-01,0.000000000000000000e+00
-1.034320723314685431e+01,-3.343677711939621844e+01,1.244000000000000057e+02,-0.000000000000000000e+00,8.069499494863839884e-01,5.906198261351564005e-01,0.000000000000000000e+00
-1.081980381929609258e+01,-3.328561018386091774e+01,1.244000000000000057e+02,-0.000000000000000000e+00,8.111480412865150758e-01,5.848408801691705738e-01,0.000000000000000000e+00
-1.129419231976976157e+01,-3.312765038218155667e+01,1.244000000000000057e+02,-0.000000000000000000e+00,8.153047481584572154e-01,5.790320955096311950e-01,0.000000000000000000e+00
-1.176627592223466223e+01,-3.296292995050411179e+01,1.244000000000000057e+02,-0.000000000000000000e+00,8.194198580262304077e-01,5.731937685218432277e-01,0.000000000000000000e+00
-1.223595828473693636e+01,-3.279148250467150660e+01,1.244000000000000057e+02,-0.000000000000000000e+00,8.234931609361364480e-01,5.673261970783743946e-01,0.000000000000000000e+00
-1.270314355536337025e+01,-3.261334303336335694e+01,1.244000000000000057e+02,-0.000000000000000000e+00,8.275244490674915632e-01,5.614296805438278026e-01,0.000000000000000000e+00
-1.316773639180266464e+01,-3.242854789095552093e+01,1.244000000000000057e+02,-0.000000000000000000e+00,8.315135167431960683e-01,5.555045197596168993e-01,0.000000000000000000e+00
-1.362964198080272737e+01,-3.223713479010099547e+01,1.244000000000000057e+02,-0.000000000000000000e+00,8.354601604402612791e-01,5.495510170285674567e-01,0.000000000000000000e+00
-1.408876605751998490e+01,-3.203914279403355891e+01,1.244000000000000057e+02,-0.000000000000000000e+00,8.393641788001598991e-01,5.435694760995444241e-01,0.000000000000000000e+00
-1.454501492475677615e+01,-3.183461230859585456e+01,1.244000000000000057e+02,-0.000000000000000000e+00,8.432253726391440996e-01,5.375602021518859353e-01,0.000000000000000000e+00
-1.499829547208290847e+01,-3.162358507399338592e+01,1.244000000000000057e+02,-0.000000000000000000e+00,8.470435449583547660e-01,5.315235017799153638e-01,0.000000000000000000e+00
-1.544851519483745328e+01,-3.140610415627631014e+01,1.244000000000000057e+02,-0.000000000000000000e+00,8.508185009539095400e-01,5.254596829772407718e-01,0.000000000000000000e+00
-1.589558221300694463e+01,-3.118221393855056789e+01,1.244000000000000057e+02,-0.000000000000000000e+00,8.545500480268404253e-01,5.193690551210426998e-01,0.000000000000000000e+00
-1.633940528997606378e+01,-3.095196011192025054e+01,1.244000000000000057e+02,-0.000000000000000000e+00,8.582379957928947256e-01,5.132519289563315379e-01,0.000000000000000000e+00
-1.677989385114705811e+01,-3.071538966616306965e+01,1.244000000000000057e+02,-0.000000000000000000e+00,8.618821560922728109e-01,5.071086165800527956e-01,0.000000000000000000e+00
-1.721695800242401830e+01,-3.047255088014076208e+01,1.244000000000000057e+02,-0.000000000000000000e+00,8.654823429992213324e-01,5.009394314251756075e-01,0.000000000000000000e+00
-1.765050854855832441e+01,-3.022349331194641309e+01,1.244000000000000057e+02,-0.000000000000000000e+00,8.690383728315155265e-01,4.947446882447064653e-01,0.000000000000000000e+00
-1.808045701135143446e+01,-2.996826778879074382e+01,1.244000000000000057e+02,-0.000000000000000000e+00,8.725500641598339380e-01,4.885247030956261227e-01,0.000000000000000000e+00
-1.850671564771134214e+01,-2.970692639662939172e+01,1.244000000000000057e+02,-0.000000000000000000e+00,8.760172378170095753e-01,4.822797933227732092e-01,0.000000000000000000e+00
-1.892919746755904953e+01,-2.943952246953330132e+01,1.244000000000000057e+02,-0.000000000000000000e+00,8.794397169071848097e-01,4.760102775426290345e-01,0.000000000000000000e+00
-1.934781625158132101e+01,-2.916611057880439617e+01,1.244000000000000057e+02,-0.000000000000000000e+00,8.828173268148170605e-01,4.697164756270961750e-01,0.000000000000000000e+00
-1.976248656882617993e+01,-2.888674652183878067e+01,1.244000000000000057e+02,-0.000000000000000000e+00,8.861498952136059870e-01,4.633987086871468319e-01,0.000000000000000000e+00
-2.017312379413748857e+01,-2.860148731073969941e+01,1.244000000000000057e+02,-0.000000000000000000e+00,8.894372520752755751e-01,4.570572990564560345e-01,0.000000000000000000e+00
-2.057964412542509791e+01,-2.831039116068261308e+01,1.244000000000000057e+02,-0.000000000000000000e+00,8.926792296782462000e-01,4.506925702749636220e-01,0.000000000000000000e+00
-2.098196460076701797e+01,-2.801351747803477110e+01,1.244000000000000057e+02,-0.000000000000000000e+00,8.958756626162013292e-01,4.443048470723475751e-01,0.000000000000000000e+00
-2.138000311534015196e+01,-2.771092684823164376e+01,1.244000000000000057e+02,-0.000000000000000000e+00,8.990263878065242187e-01,4.378944553514615423e-01,0.000000000000000000e+00
-2.177367843817608062e+01,-2.740268102341276446e+01,1.244000000000000057e+02,-0.000000000000000000e+00,9.021312444986112622e-01,4.314617221717204631e-01,0.000000000000000000e+00
-2.216291022873852867e+01,-2.708884290981947984e+01,1.244000000000000057e+02,-0.000000000000000000e+00,9.051900742820799817e-01,4.250069757324020370e-01,0.000000000000000000e+00
-2.254761905331912430e+01,-2.676947655495714784e+01,1.244000000000000057e+02,-0.000000000000000000e+00,9.082027210948486751e-01,4.185305453559065580e-01,0.000000000000000000e+00
-2.292772640124809058e+01,-2.644464713452443760e+01,1.244000000000000057e+02,-0.000000000000000000e+00,9.111690312311072626e-01,4.120327614709363706e-01,0.000000000000000000e+00
-2.330315470091652230e+01,-2.611442093911239937e+01,1.244000000000000057e+02,-0.000000000000000000e+00,9.140888533491343670e-01,4.055139555956918107e-01,0.000000000000000000e+00
-2.367382733560711117e+01,-2.577886536067601142e+01,1.244000000000000057e+02,-0.000000000000000000e+00,9.169620384790566625e-01,3.989744603208745244e-01,0.000000000000000000e+00
-2.403966865912989448e+01,-2.543804887878093268e+01,1.244000000000000057e+02,-0.000000000000000000e+00,9.197884400304140451e-01,3.924146092927956464e-01,0.000000000000000000e+00
-2.440060401126002532e+01,-2.509204104662833501e+01,1.244000000000000057e+02,-0.000000000000000000e+00,9.225679137996628532e-01,3.858347371962999595e-01,0.000000000000000000e+00
-2.475655973297427082e+01,-2.474091247686060413e+01,1.244000000000000057e+02,-0.000000000000000000e+00,9.253003179775142195e-01,3.792351797377336298e-01,0.000000000000000000e+00
-2.510746318148323297e+01,-2.438473482715085439e+01,1.244000000000000057e+02,-0.000000000000000000e+00,9.279855131561891568e-01,3.726162736277688903e-01,0.000000000000000000e+00
-2.545324274505613005e+01,-2.402358078557914922e+01,1.244000000000000057e+02,-0.000000000000000000e+00,9.306233623365181007e-01,3.659783565642559244e-01,0.000000000000000000e+00
-2.579382785763520047e+01,-2.365752405579844719e+01,1.244000000000000057e+02,-0.000000000000000000e+00,9.332137309349241017e-01,3.593217672150116893e-01,0.000000000000000000e+00
-2.612914901323670591e+01,-2.328663934199332175e+01,1.244000000000000057e+02,-0.000000000000000000e+00,9.357564867903103156e-01,3.526468452004863363e-01,0.000000000000000000e+00
-2.645913778013556694e+01,-2.291100233363443905e+01,1.244000000000000057e+02,-0.000000000000000000e+00,9.382515001707878444e-01,3.459539310764743747e-01,0.000000000000000000e+00
-2.678372681483078210e+01,-2.253068969003200550e+01,1.244000000000000057e+02,-0.000000000000000000e+00,9.406986437802945522e-01,3.392433663167410129e-01,0.000000000000000000e+00
-2.710284987578877747e+01,-2.214577902469127935e+01,1.244000000000000057e+02,-0.000000000000000000e+00,9.430977927650961989e-01,3.325154932955811660e-01,0.000000000000000000e+00
-2.741644183696185166e+01,-2.175634888947334034e+01,1.244000000000000057e+02,-0.000000000000000000e+00,9.454488247201529028e-01,3.257706552703629188e-01,0.000000000000000000e+00
-2.772443870107898789e+01,-2.136247875856436451e+01,1.244000000000000057e+02,-0.000000000000000000e+00,9.477516196953650329e-01,3.190091963640109829e-01,0.000000000000000000e+00
-2.802677761270627954e+01,-2.096424901225670112e+01,1.244000000000000057e+02,-0.000000000000000000e+00,9.500060602016915379e-01,3.122314615474550137e-01,0.000000000000000000e+00
-2.832339687107437243e+01,-2.056174092054499170e+01,1.244000000000000057e+02,-0.000000000000000000e+00,9.522120312171474810e-01,3.054377966220196416e-01,0.000000000000000000e+00
-2.861423594267023773e+01,-2.015503662654073835e+01,1.244000000000000057e+02,-0.000000000000000000e+00,9.543694201926693488e-01,2.986285482017889126e-01,0.000000000000000000e+00
-2.889923547359073197e+01,-1.974421912970870352e+01,1.244000000000000057e+02,-0.000000000000000000e+00,9.564781170578600111e-01,2.918040636959168821e-01,0.000000000000000000e+00
-2.917833730165544281e+01,-1.932937226892851257e+01,1.244000000000000057e+02,-0.000000000000000000e+00,9.585380142266006764e-01,2.849646912909126750e-01,0.000000000000000000e+00
-2.945148446827631616e+01,-1.891058070538498725e+01,1.244000000000000057e+02,-0.000000000000000000e+00,9.605490066025454965e-01,2.781107799328587094e-01,0.000000000000000000e+00
-2.971862123008165568e+01,-1.848792990529063474e+01,1.244000000000000057e+02,-0.000000000000000000e+00,9.625109915844760611e-01,2.712426793096333610e-01,0.000000000000000000e+00
-2.997969307029214292e+01,-1.806150612244386622e+01,1.244000000000000057e+02,-0.000000000000000000e+00,9.644238690715473128e-01,2.643607398330302116e-01,0.000000000000000000e+00
-3.023464670984650127e+01,-1.763139638062646597e+01,1.244000000000000057e+02,-0.000000000000000000e+00,9.662875414683806952e-01,2.574653126209285880e-01,0.000000000000000000e+00
-3.048343011827459748e+01,-1.719768845584397354e+01,1.244000000000000057e+02,-0.000000000000000000e+00,9.681019136900553823e-01,2.505567494793395911e-01,0.000000000000000000e+00
-3.072599252431573547e+01,-1.676047085841246798e+01,1.244000000000000057e+02,-0.000000000000000000e+00,9.698668931669546245e-01,2.436354028844722464e-01,0.000000000000000000e+00
-3.096228442627993616e+01,-1.631983281489559090e+01,1.244000000000000057e+02,-0.000000000000000000e+00,9.715823898494864164e-01,2.367016259647587439e-01,0.000000000000000000e+00
-3.119225760215017829e+01,-1.587586424989532397e+01,1.244000000000000057e+02,-0.000000000000000000e+00,9.732483162126824849e-01,2.297557724828222792e-01,0.000000000000000000e+00
-3.141586511942344373e+01,-1.542865576770035574e+01,1.244000000000000057e+02,-0.000000000000000000e+00,9.748645872606620522e-01,2.227981968174314320e-01,0.000000000000000000e+00
-3.163306134468861686e+01,-1.497829863379571691e+01,1.244000000000000057e+02,-0.000000000000000000e+00,9.764311205309648134e-01,2.158292539454384762e-01,0.000000000000000000e+00
-3.184380195293928040e+01,-1.452488475623749764e+01,1.244000000000000057e+02,-0.000000000000000000e+00,9.779478360987671204e-01,2.088492994236249567e-01,0.000000000000000000e+00
-3.204804393661945738e+01,-1.406850666689640406e+01,1.244000000000000057e+02,-0.000000000000000000e+00,9.794146565809460636e-01,2.018586893706275642e-01,0.000000000000000000e+00
-3.224574561440054765e+01,-1.360925750257404587e+01,1.244000000000000057e+02,-0.000000000000000000e+00,9.808315071400460772e-01,1.948577804486797127e-01,0.000000000000000000e+00
-3.243686663968752981e+01,-1.314723098599572815e+01,1.244000000000000057e+02,-0.000000000000000000e+00,9.821983154880757905e-01,1.878469298455162639e-01,0.000000000000000000e+00
-3.262136800885286902e+01,-1.268252140668370842e+01,1.244000000000000057e+02,-0.000000000000000000e+00,9.835150118902136196e-01,1.808264952560686700e-01,0.000000000000000000e+00
-3.279921206919627963e+01,-1.221522360171474730e+01,1.244000000000000057e+02,-0.000000000000000000e+00,9.847815291683567063e-01,1.737968348642550676e-01,0.000000000000000000e+00
-3.297036252662882561e+01,-1.174543293636594221e+01,1.244000000000000057e+02,-0.000000000000000000e+00,9.859978027045539495e-01,1.667583073246770020e-01,0.000000000000000000e+00
-3.313478445307973175e+01,-1.127324528465275577e+01,1.244000000000000057e+02,-0.000000000000000000e+00,9.871637704442928207e-01,1.597112717443811003e-01,0.000000000000000000e+00
-3.329244429362448443e+01,-1.079875700976322506e+01,1.244000000000000057e+02,-0.000000000000000000e+00,9.882793728996780436e-01,1.526560876644597609e-01,0.000000000000000000e+00
-3.344330987333262328e+01,-1.032206494439232891e+01,1.244000000000000057e+02,-0.000000000000000000e+00,9.893445531524615033e-01,1.455931150417366648e-01,0.000000000000000000e+00
-3.358735040383393056e+01,-9.843266370980563451e+00,1.244000000000000057e+02,-0.000000000000000000e+00,9.903592568569395960e-01,1.385227142304480685e-01,0.000000000000000000e+00
-3.372453648960171080e+01,-9.362459001860708341e+00,1.244000000000000057e+02,-0.000000000000000000e+00,9.913234322427356693e-01,1.314452459637942550e-01,0.000000000000000000e+00
-3.385484013395174685e+01,-8.879740959316887228e+00,1.244000000000000057e+02,-0.000000000000000000e+00,9.922370301174382456e-01,1.243610713355506880e-01,0.000000000000000000e+00
-3.397823474475580952e+01,-8.395210755559931570e+00,1.244000000000000057e+02,-0.000000000000000000e+00,9.931000038691090159e-01,1.172705517816629434e-01,0.000000000000000000e+00
-3.409469513986853428e+01,-7.908967272623214306e+00,1.244000000000000057e+02,-0.000000000000000000e+00,9.939123094686620474e-01,1.101740490617936219e-01,0.000000000000000000e+00
-3.420419755226654956e+01,-7.421109742182968816e+00,1.244000000000000057e+02,-0.000000000000000000e+00,9.946739054721092099e-01,1.030719252408805048e-01,0.000000000000000000e+00
-3.430671963489881904e+01,-6.931737725307275610e+00,1.244000000000000057e+02,-0.000000000000000000e+00,9.953847530226785922e-01,9.596454267061903243e-02,0.000000000000000000e+00
-3.440224046524715362e+01,-6.440951092137823686e+00,1.244000000000000057e+02,-0.000000000000000000e+00,9.960448158527909213e-01,8.885226397104203921e-02,0.000000000000000000e+00
-3.449074054959607594e+01,-5.948850001508598773e+00,1.244000000000000057e+02,-0.000000000000000000e+00,9.966540602859143005e-01,8.173545201196991128e-02,0.000000000000000000e+00
-3.457220182701104960e+01,-5.455534880505641837e+00,1.244000000000000057e+02,-0.000000000000000000e+00,9.972124552382817253e-01,7.461446989450482015e-02,0.000000000000000000e+00
-3.464660767302431310e+01,-4.961106403972086909e+00,1.244000000000000057e+02,-0.000000000000000000e+00,9.977199722204762589e-01,6.748968093251124512e-02,0.000000000000000000e+00
-3.471394290302757213e+01,-4.465665473962616261e+00,1.244000000000000057e+02,-0.000000000000000000e+00,9.981765853388836485e-01,6.036144863409437927e-02,0.000000000000000000e+00
-3.477419377537086120e+01,-3.969313199151556226e+00,1.244000000000000057e+02,-0.000000000000000000e+00,9.985822712970159332e-01,5.323013668301755652e-02,0.000000000000000000e+00
-3.482734799416689242e+01,-3.472150874198805415e+00,1.244000000000000057e+02,-0.000000000000000000e+00,9.989370093966974951e-01,4.609610892019186390e-02,0.000000000000000000e+00
-3.487339471180040107e+01,-2.974279959077806623e+00,1.244000000000000057e+02,-0.000000000000000000e+00,9.992407815391228798e-01,3.895972932507393155e-02,0.000000000000000000e+00
-3.491232453114189127e+01,-2.475802058369781289e+00,1.244000000000000057e+02,-0.000000000000000000e+00,9.994935722257789479e-01,3.182136199711733254e-02,0.000000000000000000e+00
-3.494412950746539082e+01,-1.976818900528454659e+00,1.244000000000000057e+02,-0.000000000000000000e+00,9.996953685592369077e-01,2.468137113718266509e-02,0.000000000000000000e+00
-3.496880315006978890e+01,-1.477432317119497407e+00,1.244000000000000057e+02,-0.000000000000000000e+00,9.998461602438091234e-01,1.754012102897540767e-02,0.000000000000000000e+00
-3.498634042360345831e+01,-9.777442220389298555e-01,1.244000000000000057e+02,-0.000000000000000000e+00,9.999459395860750277e-01,1.039797602043677355e-02,0.000000000000000000e+00
-3.499673774909184942e+01,-4.778565907147196423e-01,1.244000000000000057e+02,-0.000000000000000000e+00,9.999947014952733637e-01,3.255300505177811943e-03,0.000000000000000000e+00
-3.499999300466789265e+01,2.212856070417560869e-02,1.244000000000000057e+02,-0.000000000000000000e+00,9.999924434835624210e-01,-3.887541096145848661e-03,0.000000000000000000e+00
-3.499610552600500313e+01,5.221091961670768500e-01,1.244000000000000057e+02,-0.000000000000000000e+00,9.999391656661462680e-01,-1.103018435437230077e-02,0.000000000000000000e+00
-3.498507610645268784e+01,1.021983280544912942e+00,1.244000000000000057e+02,-0.000000000000000000e+00,9.998348707612690900e-01,-1.817226485048652196e-02,0.000000000000000000e+00
-3.496690699687461290e+01,1.521648800453362371e+00,1.244000000000000057e+02,-0.000000000000000000e+00,9.996795640900775215e-01,-2.531341819416397035e-02,0.000000000000000000e+00
-3.494160190518927323e+01,2.021003785071556980e+00,1.244000000000000057e+02,-0.000000000000000000e+00,9.994732535763466430e-01,-3.245328004242057501e-02,0.000000000000000000e+00
-3.490916599561325029e+01,2.519946326952100080e+00,1.244000000000000057e+02,-0.000000000000000000e+00,9.992159497460794126e-01,-3.959148611810947571e-02,0.000000000000000000e+00
-3.486960588760736357e+01,3.018374602818150176e+00,1.244000000000000057e+02,-0.000000000000000000e+00,9.989076657269662096e-01,-4.672767222860058078e-02,0.000000000000000000e+00
-3.482292965452574407e+01,3.516186894343329872e+00,1.244000000000000057e+02,-0.000000000000000000e+00,9.985484172477152587e-01,-5.386147428434106404e-02,0.000000000000000000e+00
-3.476914682196822071e+01,4.013281608910213016e+00,1.244000000000000057e+02,-0.000000000000000000e+00,9.981382226372549349e-01,-6.099252831734226082e-02,0.000000000000000000e+00
-3.470826836583642461e+01,4.509557300343160158e+00,1.244000000000000057e+02,-0.000000000000000000e+00,9.976771028237910732e-01,-6.812047049989211622e-02,0.000000000000000000e+00
-3.464030671009377471e+01,5.004912689611268561e+00,1.244000000000000057e+02,-0.000000000000000000e+00,9.971650813337458175e-01,-7.524493716300242885e-02,0.000000000000000000e+00
-3.456527572423006234e+01,5.499246685497206855e+00,1.244000000000000057e+02,-0.000000000000000000e+00,9.966021842905519179e-01,-8.236556481504191118e-02,0.000000000000000000e+00
-3.448319072043095446e+01,5.992458405227732321e+00,1.244000000000000057e+02,-0.000000000000000000e+00,9.959884404133257929e-01,-8.948199016020490226e-02,0.000000000000000000e+00
-3.439406845045315464e+01,6.484447195061651570e+00,1.244000000000000057e+02,-0.000000000000000000e+00,9.953238810153970384e-01,-9.659385011711631164e-02,0.000000000000000000e+00
-3.429792710220570484e+01,6.975112650831063021e+00,1.244000000000000057e+02,-0.000000000000000000e+00,9.946085400027121493e-01,-1.037007818373296419e-01,0.000000000000000000e+00
-3.419478629603823094e+01,7.464354638431641931e+00,1.244000000000000057e+02,-0.000000000000000000e+00,9.938424538721077894e-01,-1.108024227238162684e-01,0.000000000000000000e+00
-3.408466708073687812e+01,7.952073314257835257e+00,1.244000000000000057e+02,-0.000000000000000000e+00,9.930256617094453953e-01,-1.178984104494973928e-01,0.000000000000000000e+00
-3.396759192922870341e+01,8.438169145578756414e+00,1.244000000000000057e+02,-0.000000000000000000e+00,9.921582051876133290e-01,-1.249883829757540837e-01,0.000000000000000000e+00
-3.384358473399540657e+01,8.922542930850640985e+00,1.244000000000000057e+02,-0.000000000000000000e+00,9.912401285644152349e-01,-1.320719785707836769e-01,0.000000000000000000e+00
-3.371267080219747925e+01,9.405095819961717396e+00,1.244000000000000057e+02,-0.000000000000000000e+00,9.902714786802923053e-01,-1.391488358282148563e-01,0.000000000000000000e+00
-3.357487685050948301e+01,9.885729334405359836e+00,1.244000000000000057e+02,-0.000000000000000000e+00,9.892523049559452941e-01,-1.462185936854460133e-01,0.000000000000000000e+00
-3.343023099966778489e+01,1.036434538737738897e+01,1.244000000000000057e+02,-0.000000000000000000e+00,9.881826593898167532e-01,-1.532808914420496216e-01,0.000000000000000000e+00
-3.327876276873176664e+01,1.084084630379345882e+01,1.244000000000000057e+02,-0.000000000000000000e+00,9.870625965554254977e-01,-1.603353687782619885e-01,0.000000000000000000e+00
-3.312050306905958053e+01,1.131513484022240235e+01,1.244000000000000057e+02,-0.000000000000000000e+00,9.858921735985919366e-01,-1.673816657732974666e-01,0.000000000000000000e+00
-3.295548419799983719e+01,1.178711420473149651e+01,1.244000000000000057e+02,-0.000000000000000000e+00,9.846714502345188524e-01,-1.744194229237370497e-01,0.000000000000000000e+00
-3.278373983230041944e+01,1.225668807663957693e+01,1.244000000000000057e+02,-0.000000000000000000e+00,9.834004887447468368e-01,-1.814482811618592650e-01,0.000000000000000000e+00
-3.260530502123580021e+01,1.272376062617398773e+01,1.244000000000000057e+02,-0.000000000000000000e+00,9.820793539739739453e-01,-1.884678818739736195e-01,0.000000000000000000e+00
-3.242021617945424339e+01,1.318823653402734664e+01,1.244000000000000057e+02,-0.000000000000000000e+00,9.807081133267450124e-01,-1.954778669187288986e-01,0.000000000000000000e+00
-3.222851107954635097e+01,1.365002101081012853e+01,1.244000000000000057e+02,-0.000000000000000000e+00,9.792868367640277238e-01,-2.024778786453090562e-01,0.000000000000000000e+00
-3.203022884433656259e+01,1.410901981639511860e+01,1.244000000000000057e+02,-0.000000000000000000e+00,9.778155967996171594e-01,-2.094675599118119291e-01,0.000000000000000000e+00
-3.182540993889896086e+01,1.456513927914976314e+01,1.244000000000000057e+02,-0.000000000000000000e+00,9.762944684964605102e-01,-2.164465541033480933e-01,0.000000000000000000e+00
-3.161409616229929398e+01,1.501828631505249056e+01,1.244000000000000057e+02,-0.000000000000000000e+00,9.747235294628158186e-01,-2.234145051502953727e-01,0.000000000000000000e+00
-3.139633063906467925e+01,1.546836844668914601e+01,1.244000000000000057e+02,-0.000000000000000000e+00,9.731028598482908132e-01,-2.303710575464671673e-01,0.000000000000000000e+00
-3.117215781038282074e+01,1.591529382212559973e+01,1.244000000000000057e+02,-0.000000000000000000e+00,9.714325423397603965e-01,-2.373158563672257970e-01,0.000000000000000000e+00
-3.094162342503254592e+01,1.635897123365272421e+01,1.244000000000000057e+02,-0.000000000000000000e+00,9.697126621571412475e-01,-2.442485472876142483e-01,0.000000000000000000e+00
-3.070477453004746238e+01,1.679931013639990312e+01,1.244000000000000057e+02,-0.000000000000000000e+00,9.679433070490535140e-01,-2.511687766004002120e-01,0.000000000000000000e+00
-3.046165946111472067e+01,1.723622066681324583e+01,1.244000000000000057e+02,-0.000000000000000000e+00,9.661245672883291835e-01,-2.580761912341753006e-01,0.000000000000000000e+00
-3.021232783271071298e+01,1.766961366099479136e+01,1.244000000000000057e+02,-0.000000000000000000e+00,9.642565356674183130e-01,-2.649704387713255338e-01,0.000000000000000000e+00
-2.995683052797586043e+01,1.809940067289890564e+01,1.244000000000000057e+02,-0.000000000000000000e+00,9.623393074936567038e-01,-2.718511674660040178e-01,0.000000000000000000e+00
-2.969521968833049641e+01,1.852549399238219507e+01,1.244000000000000057e+02,-0.000000000000000000e+00,9.603729805843869149e-01,-2.787180262621360427e-01,0.000000000000000000e+00
-2.942754870283390289e+01,1.894780666310321848e+01,1.244000000000000057e+02,-0.000000000000000000e+00,9.583576552619853528e-01,-2.855706648112683044e-01,0.000000000000000000e+00
-2.915387219728879131e+01,1.936625250026838785e+01,1.244000000000000057e+02,-0.000000000000000000e+00,9.562934343487370370e-01,-2.924087334904649227e-01,0.000000000000000000e+00
-2.887424602309337729e+01,1.978074610822039503e+01,1.244000000000000057e+02,-0.000000000000000000e+00,9.541804231615853560e-01,-2.992318834201629363e-01,0.000000000000000000e+00
-2.858872724584329816e+01,2.019120289786561884e+01,1.244000000000000057e+02,-0.000000000000000000e+00,9.520187295067676914e-01,-3.060397664819391461e-01,0.000000000000000000e+00
-2.829737413368581400e+01,2.059753910393688159e+01,1.244000000000000057e+02,-0.000000000000000000e+00,9.498084636743063802e-01,-3.128320353363029938e-01,0.000000000000000000e+00
-2.800024614542851253e+01,2.099967180208814099e+01,1.244000000000000057e+02,-0.000000000000000000e+00,9.475497384323855465e-01,-3.196083434404017876e-01,0.000000000000000000e+00
-2.769740391840508664e+01,2.139751892581751136e+01,1.244000000000000057e+02,-0.000000000000000000e+00,9.452426690216004790e-01,-3.263683450656956753e-01,0.000000000000000000e+00
-2.738890925610057181e+01,2.179099928321526747e+01,1.244000000000000057e+02,-0.000000000000000000e+00,9.428873731490751142e-01,-3.331116953156055827e-01,0.000000000000000000e+00
-2.707482511553861215e+01,2.218003257353332813e+01,1.244000000000000057e+02,-0.000000000000000000e+00,9.404839709824536209e-01,-3.398380501431165213e-01,0.000000000000000000e+00
-2.675521559443329522e+01,2.256453940357288701e+01,1.244000000000000057e+02,-0.000000000000000000e+00,9.380325851437736340e-01,-3.465470663683203889e-01,0.000000000000000000e+00
-2.643014591810821301e+01,2.294444130388682979e+01,1.244000000000000057e+02,-0.000000000000000000e+00,9.355333407032081494e-01,-3.532384016959298489e-01,0.000000000000000000e+00
-2.609968242618539236e+01,2.331966074479363726e+01,1.244000000000000057e+02,-0.000000000000000000e+00,9.329863651726910678e-01,-3.599117147327243194e-01,0.000000000000000000e+00
-2.576389255904684816e+01,2.369012115219950232e+01,1.244000000000000057e+02,-0.000000000000000000e+00,9.303917884993987419e-01,-3.665666650050029562e-01,0.000000000000000000e+00
-2.542284484407144873e+01,2.405574692322542774e+01,1.244000000000000057e+02,-0.000000000000000000e+00,9.277497430591283845e-01,-3.732029129759321662e-01,0.000000000000000000e+00
-2.507660888164999236e+01,2.441646344163611104e+01,1.244000000000000057e+02,-0.000000000000000000e+00,9.250603636495440263e-01,-3.798201200628705254e-01,0.000000000000000000e+00
-2.472525533098126260e+01,2.477219709306751838e+01,1.244000000000000057e+02,-0.000000000000000000e+00,9.223237874832955763e-01,-3.864179486546511222e-01,0.000000000000000000e+00
-2.436885589565206445e+01,2.512287528004992510e+01,1.244000000000000057e+02,-0.000000000000000000e+00,9.195401541810274137e-01,-3.929960621287856837e-01,0.000000000000000000e+00
-2.400748330900406202e+01,2.546842643682352403e+01,1.244000000000000057e+02,-0.000000000000000000e+00,9.167096057642390994e-01,-3.995541248686756419e-01,0.000000000000000000e+00
-2.364121131929049824e+01,2.580878004394339698e+01,1.244000000000000057e+02,-0.000000000000000000e+00,9.138322866480517170e-01,-4.060918022807072925e-01,0.000000000000000000e+00
-2.327011467462578764e+01,2.614386664267100358e+01,1.244000000000000057e+02,-0.000000000000000000e+00,9.109083436338389905e-01,-4.126087608113234162e-01,0.000000000000000000e+00
-2.289426910773106627e+01,2.647361784914919625e+01,1.244000000000000057e+02,-0.000000000000000000e+00,9.079379259017336112e-01,-4.191046679640517691e-01,0.000000000000000000e+00
-2.251375132047878225e+01,2.679796636835787993e+01,1.244000000000000057e+02,-0.000000000000000000e+00,9.049211850030113302e-01,-4.255791923164780610e-01,0.000000000000000000e+00
-2.212863896823952103e+01,2.711684600784743537e+01,1.244000000000000057e+02,-0.000000000000000000e+00,9.018582748523749082e-01,-4.320320035371200129e-01,0.000000000000000000e+00
-2.173901064403426631e+01,2.743019169124716328e+01,1.244000000000000057e+02,-0.000000000000000000e+00,8.987493517200831894e-01,-4.384627724023218986e-01,0.000000000000000000e+00
-2.134494586249523707e+01,2.773793947154596040e+01,1.244000000000000057e+02,-0.000000000000000000e+00,8.955945742239898033e-01,-4.448711708130236309e-01,0.000000000000000000e+00
-2.094652504363871870e+01,2.804002654414249562e+01,1.244000000000000057e+02,-0.000000000000000000e+00,8.923941033214503049e-01,-4.512568718115047006e-01,0.000000000000000000e+00
-2.054382949645309608e+01,2.833639125966226402e+01,1.244000000000000057e+02,-0.000000000000000000e+00,8.891481023010895379e-01,-4.576195495981037475e-01,0.000000000000000000e+00
-2.013694140230543539e+01,2.862697313653885445e+01,1.244000000000000057e+02,-0.000000000000000000e+00,8.858567367745134868e-01,-4.639588795477572192e-01,0.000000000000000000e+00
-1.972594379817008559e+01,2.891171287335696860e+01,1.244000000000000057e+02,-0.000000000000000000e+00,8.825201746678160708e-01,-4.702745382266484420e-01,0.000000000000000000e+00
-1.931092055968265697e+01,2.919055236095448791e+01,1.244000000000000057e+02,-0.000000000000000000e+00,8.791385862130339790e-01,-4.765662034086636245e-01,0.000000000000000000e+00
-1.889195638402280153e+01,2.946343469428132167e+01,1.244000000000000057e+02,-0.000000000000000000e+00,8.757121439394528473e-01,-4.828335540918495261e-01,0.000000000000000000e+00
-1.846913677262938336e+01,2.973030418401246422e+01,1.244000000000000057e+02,-0.000000000000000000e+00,8.722410226648206200e-01,-4.890762705147612133e-01,0.000000000000000000e+00
-1.804254801375152084e+01,2.999110636791298745e+01,1.244000000000000057e+02,-0.000000000000000000e+00,8.687253994864043705e-01,-4.952940341728205298e-01,0.000000000000000000e+00
-1.761227716483900707e+01,3.024578802195258476e+01,1.244000000000000057e+02,-0.000000000000000000e+00,8.651654537719704052e-01,-5.014865278345377320e-01,0.000000000000000000e+00
-1.717841203477580692e+01,3.049429717116742822e+01,1.244000000000000057e+02,-0.000000000000000000e+00,8.615613671506292537e-01,-5.076534355577027036e-01,0.000000000000000000e+00
-1.674104116596017988e+01,3.073658310026712570e+01,1.244000000000000057e+02,-0.000000000000000000e+00,8.579133235035725225e-01,-5.137944427054992325e-01,0.000000000000000000e+00
-1.630025381623509872e+01,3.097259636398461780e+01,1.244000000000000057e+02,-0.000000000000000000e+00,8.542215089546815188e-01,-5.199092359625735460e-01,0.000000000000000000e+00
-1.585613994067268884e+01,3.120228879716685455e+01,1.244000000000000057e+02,-0.000000000000000000e+00,8.504861118610451687e-01,-5.259975033509965980e-01,0.000000000000000000e+00
-1.540879017321634947e+01,3.142561352460427671e+01,1.244000000000000057e+02,-0.000000000000000000e+00,8.467073228033321630e-01,-5.320589342462109794e-01,0.000000000000000000e+00
-1.495829580818434579e+01,3.164252497059699820e+01,1.244000000000000057e+02,-0.000000000000000000e+00,8.428853345760871640e-01,-5.380932193928460450e-01,0.000000000000000000e+00
-1.450474878163864290e+01,3.185297886825582836e+01,1.244000000000000057e+02,-0.000000000000000000e+00,8.390203421778738013e-01,-5.441000509205302649e-01,0.000000000000000000e+00
-1.404824165262275315e+01,3.205693226853615840e+01,1.244000000000000057e+02,-0.000000000000000000e+00,8.351125428013590479e-01,-5.500791223595459245e-01,0.000000000000000000e+00
-1.358886758427246022e+01,3.225434354900296796e+01,1.244000000000000057e+02,-0.000000000000000000e+00,8.311621358231898737e-01,-5.560301286565624279e-01,0.000000000000000000e+00
-1.312672032480326045e+01,3.244517242232497267e+01,1.244000000000000057e+02,-0.000000000000000000e+00,8.271693227939107551e-01,-5.619527661900625137e-01,0.000000000000000000e+00
-1.266189418837838865e+01,3.262937994449649182e+01,1.244000000000000057e+02,-0.000000000000000000e+00,8.231343074275849769e-01,-5.678467327859780811e-01,0.000000000000000000e+00
-1.219448403586137353e+01,3.280692852278497185e+01,1.244000000000000057e+02,-0.000000000000000000e+00,8.190572955914855457e-01,-5.737117277329808473e-01,0.000000000000000000e+00
-1.172458525545699359e+01,3.297778192340292236e+01,1.244000000000000057e+02,-0.000000000000000000e+00,8.149384952955257555e-01,-5.795474517979216644e-01,0.000000000000000000e+00
-1.125229374324463549e+01,3.314190527890238513e+01,1.244000000000000057e+02,-0.000000000000000000e+00,8.107781166816850904e-01,-5.853536072410417956e-01,0.000000000000000000e+00
-1.077770588360798776e+01,3.329926509529064305e+01,1.244000000000000057e+02,-0.000000000000000000e+00,8.065763720132836934e-01,-5.911298978311696484e-01,0.000000000000000000e+00
-1.030091852956510756e+01,3.344982925886561986e+01,1.244000000000000057e+02,-0.000000000000000000e+00,8.023334756641240517e-01,-5.968760288608736531e-01,0.000000000000000000e+00
-9.822028983002827118e+00,3.359356704276954986e+01,1.244000000000000057e+02,-0.000000000000000000e+00,7.980496441076035952e-01,-6.025917071614305121e-01,0.000000000000000000e+00
-9.341134974819560455e+00,3.373044911325970929e+01,1.244000000000000057e+02,-0.000000000000000000e+00,7.937250959056206812e-01,-6.082766411178496258e-01,0.000000000000000000e+00
-8.858334644980567774e+00,3.386044753569475318e+01,1.244000000000000057e+02,-0.000000000000000000e+00,7.893600516974541570e-01,-6.139305406837100021e-01,0.000000000000000000e+00
-8.373726522489725710e+00,3.398353578023558441e+01,1.244000000000000057e+02,-0.000000000000000000e+00,7.849547341884883789e-01,-6.195531173959821780e-01,0.000000000000000000e+00
-7.887409505281915756e+00,3.409968872725949751e+01,1.244000000000000057e+02,-0.000000000000000000e+00,7.805093681388707294e-01,-6.251440843897194677e-01,0.000000000000000000e+00
-7.399482840040111142e+00,3.420888267248656689e+01,1.244000000000000057e+02,-0.000000000000000000e+00,7.760241803520326886e-01,-6.307031564127104639e-01,0.000000000000000000e+00
-6.910046101941295760e+00,3.431109533181717097e+01,1.244000000000000057e+02,-0.000000000000000000e+00,7.714993996630937767e-01,-6.362300498400605964e-01,0.000000000000000000e+00
-6.419199174335348701e+00,3.440630584587965046e+01,1.244000000000000057e+02,-0.000000000000000000e+00,7.669352569272529507e-01,-6.417244826885822873e-01,0.000000000000000000e+00
-5.927042228361028897e+00,3.449449478428731908e+01,1.244000000000000057e+02,-0.000000000000000000e+00,7.623319850079297577e-01,-6.471861746312799202e-01,0.000000000000000000e+00
-5.433675702503237837e+00,3.457564414960371835e+01,1.244000000000000057e+02,-0.000000000000000000e+00,7.576898187649467875e-01,-6.526148470115755718e-01,0.000000000000000000e+00
-4.939200282095716155e+00,3.464973738101554090e+01,1.244000000000000057e+02,-0.000000000000000000e+00,7.530089950425015166e-01,-6.580102228575798184e-01,0.000000000000000000e+00
-4.443716878773364520e+00,3.471675935771229859e+01,1.244000000000000057e+02,-0.000000000000000000e+00,7.482897526571338220e-01,-6.633720268961644795e-01,0.000000000000000000e+00
-3.947326609878386794e+00,3.477669640197219536e+01,1.244000000000000057e+02,-0.000000000000000000e+00,7.435323323854778899e-01,-6.686999855670786586e-01,0.000000000000000000e+00
-3.450130777824444106e+00,3.482953628195340201e+01,1.244000000000000057e+02,-0.000000000000000000e+00,7.387369769520291118e-01,-6.739938270368485140e-01,0.000000000000000000e+00
-2.952230849423045811e+00,3.487526821419033496e+01,1.244000000000000057e+02,-0.000000000000000000e+00,7.339039310167431163e-01,-6.792532812126649278e-01,0.000000000000000000e+00
-2.453728435176391276e+00,3.491388286579432787e+01,1.244000000000000057e+02,-0.000000000000000000e+00,7.290334411625427613e-01,-6.844780797561753616e-01,0.000000000000000000e+00
-1.954725268540882244e+00,3.494537235635825567e+01,1.244000000000000057e+02,-0.000000000000000000e+00,7.241257558827571827e-01,-6.896679560971538114e-01,0.000000000000000000e+00
-1.455323185165549038e+00,3.496973025956476988e+01,1.244000000000000057e+02,-0.000000000000000000e+00,7.191811255684134041e-01,-6.948226454471314595e-01,0.000000000000000000e+00
-9.556241021096157917e-01,3.498695160449774022e+01,1.244000000000000057e+02,-0.000000000000000000e+00,7.141998024955208413e-01,-6.999418848128456938e-01,0.000000000000000000e+00
-4.557299970434561809e-01,3.499703287665676754e+01,1.244000000000000057e+02,-0.000000000000000000e+00,7.091820408121185526e-01,-7.050254130097429739e-01,0.000000000000000000e+00
4.425711256282299777e-02,3.499997201867435592e+01,1.244000000000000057e+02,0.000000000000000000e+00,-7.041280965253621238e-01,7.100729706752471060e-01,0.000000000000000000e+00
5.442351902589193102e-01,3.499576843073579369e+01,1.244000000000000057e+02,0.000000000000000000e+00,-6.990382274884676672e-01,7.150843002819886607e-01,0.000000000000000000e+00
1.044102201437746125e+00,3.498442297070158702e+01,1.244000000000000057e+02,0.000000000000000000e+00,-6.939126933875245928e-01,7.200591461509751046e-01,0.000000000000000000e+00
1.543756134158466908e+00,3.496593795393236803e+01,1.244000000000000057e+02,0.000000000000000000e+00,-6.887517557282623049e-01,7.249972544646193784e-01,0.000000000000000000e+00
2.043095019964905834e+00,3.494031715281638384e+01,1.244000000000000057e+02,0.000000000000000000e+00,-6.835556778226992147e-01,7.298983732796986423e-01,0.000000000000000000e+00
2.542016954695082376e+00,3.490756579599962350e+01,1.244000000000000057e+02,0.000000000000000000e+00,-6.783247247757324683e-01,7.347622525401852345e-01,0.000000000000000000e+00
3.040420119277624345e+00,3.486769056731878891e+01,1.244000000000000057e+02,0.000000000000000000e+00,-6.730591634715930027e-01,7.395886440900235614e-01,0.000000000000000000e+00
3.538202800510818591e+00,3.482069960443726586e+01,1.244000000000000057e+02,0.000000000000000000e+00,-6.677592625602026821e-01,7.443773016858146185e-01,0.000000000000000000e+00
4.035263411820052326e+00,3.476660249718436546e+01,1.244000000000000057e+02,0.000000000000000000e+00,-6.624252924435484191e-01,7.491279810093062208e-01,0.000000000000000000e+00
4.531500513989417556e+00,3.470541028559831886e+01,1.244000000000000057e+02,0.000000000000000000e+00,-6.570575252617857354e-01,7.538404396799482932e-01,0.000000000000000000e+00
5.026812835863236906e+00,3.463713545767318180e+01,1.244000000000000057e+02,0.000000000000000000e+00,-6.516562348794208148e-01,7.585144372672000257e-01,0.000000000000000000e+00
5.521099295013295105e+00,3.456179194681033096e+01,1.244000000000000057e+02,0.000000000000000000e+00,-6.462216968713428988e-01,7.631497353027925090e-01,0.000000000000000000e+00
6.014259018367554610e+00,3.447939512897499270e+01,1.244000000000000057e+02,0.000000000000000000e+00,-6.407541885087000288e-01,7.677460972929509575e-01,0.000000000000000000e+00
6.506191362796152511e+00,3.438996181955828746e+01,1.244000000000000057e+02,0.000000000000000000e+00,-6.352539887448216405e-01,7.723032887304015492e-01,0.000000000000000000e+00
6.996795935650458098e+00,3.429351026994561380e+01,1.244000000000000057e+02,0.000000000000000000e+00,-6.297213782009492000e-01,7.768210771063676079e-01,0.000000000000000000e+00
7.485972615251021089e+00,3.419006016379192658e+01,1.244000000000000057e+02,0.000000000000000000e+00,-6.241566391519404178e-01,7.812992319224142390e-01,0.000000000000000000e+00
7.973621571320226309e+00,3.407963261300474755e+01,1.244000000000000057e+02,0.000000000000000000e+00,-6.185600555118304644e-01,7.857375247022386766e-01,0.000000000000000000e+00
8.459643285355465281e+00,3.396225015343565445e+01,1.244000000000000057e+02,0.000000000000000000e+00,-6.129319128194009592e-01,7.901357290032835490e-01,0.000000000000000000e+00
8.943938570938694710e+00,3.383793674028124343e+01,1.244000000000000057e+02,0.000000000000000000e+00,-6.072724982235594426e-01,7.944936204283310488e-01,0.000000000000000000e+00
9.426408593978212735e+00,3.370671774319436764e+01,1.244000000000000057e+02,0.000000000000000000e+00,-6.015821004687146312e-01,7.988109766369321241e-01,0.000000000000000000e+00
9.906954892878548691e+00,3.356861994110674630e+01,1.244000000000000057e+02,0.000000000000000000e+00,-5.958610098800765087e-01,8.030875773567259790e-01,0.000000000000000000e+00
1.038547939863431502e+01,3.342367151676401704e+01,1.244000000000000057e+02,0.000000000000000000e+00,-5.901095183487455875e-01,8.073232043947525804e-01,0.000000000000000000e+00
1.086188445484395082e+01,3.327190205097416964e+01,1.244000000000000057e+02,0.000000000000000000e+00,-5.843279193169490515e-01,8.115176416484888300e-01,0.000000000000000000e+00
1.133607283763926610e+01,3.311334251657083172e+01,1.244000000000000057e+02,0.000000000000000000e+00,-5.785165077629463859e-01,8.156706751169645608e-01,0.000000000000000000e+00
1.180794777552670460e+01,3.294802527209231613e+01,1.244000000000000057e+02,0.000000000000000000e+00,-5.726755801860935469e-01,8.197820929115987587e-01,0.000000000000000000e+00
1.227741296913629476e+01,3.277598405517802149e+01,1.244000000000000057e+02,0.000000000000000000e+00,-5.668054345916201386e-01,8.238516852670780821e-01,0.000000000000000000e+00
1.274437261087424744e+01,3.259725397568326599e+01,1.244000000000000057e+02,0.000000000000000000e+00,-5.609063704754703172e-01,8.278792445520267718e-01,0.000000000000000000e+00
1.320873140447519667e+01,3.241187150851413890e+01,1.244000000000000057e+02,0.000000000000000000e+00,-5.549786888090386672e-01,8.318645652795894074e-01,0.000000000000000000e+00
1.367039458445008293e+01,3.221987448618379801e+01,1.244000000000000057e+02,0.000000000000000000e+00,-5.490226920237676334e-01,8.358074441179470515e-01,0.000000000000000000e+00
1.412926793542571957e+01,3.202130209109164838e+01,1.244000000000000057e+02,0.000000000000000000e+00,-5.430386839957573875e-01,8.397076799006639725e-01,0.000000000000000000e+00
1.458525781137209165e+01,3.181619484752708971e+01,1.244000000000000057e+02,0.000000000000000000e+00,-5.370269700302323646e-01,8.435650736369707525e-01,0.000000000000000000e+00
1.503827115471347398e+01,3.160459461339937093e+01,1.244000000000000057e+02,0.000000000000000000e+00,-5.309878568460001391e-01,8.473794285218940736e-01,0.000000000000000000e+00
1.548821551531943719e+01,3.138654457169533885e+01,1.244000000000000057e+02,0.000000000000000000e+00,-5.249216525597653060e-01,8.511505499463212221e-01,0.000000000000000000e+00
1.593499906937191568e+01,3.116208922166670447e+01,1.244000000000000057e+02,0.000000000000000000e+00,-5.188286666704281513e-01,8.548782455069176001e-01,0.000000000000000000e+00
1.637853063810442933e+01,3.093127436974872779e+01,1.244000000000000057e+02,0.000000000000000000e+00,-5.127092100432971700e-01,8.585623250159409858e-01,0.000000000000000000e+00
1.681871970640968428e+01,3.069414712021212921e+01,1.244000000000000057e+02,0.000000000000000000e+00,-5.065635948942214251e-01,8.622026005109491020e-01,0.000000000000000000e+00
1.725547644131173541e+01,3.045075586555013203e+01,1.244000000000000057e+02,0.000000000000000000e+00,-5.003921347736549619e-01,8.657988862643936079e-01,0.000000000000000000e+00
1.768871171029892153e+01,3.020115027660260765e+01,1.244000000000000057e+02,0.000000000000000000e+00,-4.941951445506810869e-01,8.693509987930833072e-01,0.000000000000000000e+00
1.811833709951388016e+01,2.994538129241935209e+01,1.244000000000000057e+02,0.000000000000000000e+00,-4.879729403969220169e-01,8.728587568675598707e-01,0.000000000000000000e+00
1.854426493179687796e+01,2.968350110986452606e+01,1.244000000000000057e+02,0.000000000000000000e+00,-4.817258397704197170e-01,8.763219815213377784e-01,0.000000000000000000e+00
1.896640828457879380e+01,2.941556317296442202e+01,1.244000000000000057e+02,0.000000000000000000e+00,-4.754541613994574534e-01,8.797404960600249124e-01,0.000000000000000000e+00
1.938468100762014146e+01,2.914162216200071498e+01,1.244000000000000057e+02,0.000000000000000000e+00,-4.691582252662399033e-01,8.831141260703693208e-01,0.000000000000000000e+00
1.979899774059241935e+01,2.886173398235137810e+01,1.244000000000000057e+02,0.000000000000000000e+00,-4.628383525906570872e-01,8.864426994291094708e-01,0.000000000000000000e+00
2.020927393049832332e+01,2.857595575308166147e+01,1.244000000000000057e+02,0.000000000000000000e+00,-4.564948658138082149e-01,8.897260463118034091e-01,0.000000000000000000e+00
2.061542584892714558e+01,2.828434579528730097e+01,1.244000000000000057e+02,0.000000000000000000e+00,-4.501280885816087429e-01,8.929639992014613004e-01,0.000000000000000000e+00
2.101737060914192057e+01,2.798696362019247985e+01,1.244000000000000057e+02,0.000000000000000000e+00,-4.437383457282461086e-01,8.961563928971101323e-01,0.000000000000000000e+00
2.141502618299480076e+01,2.768386991700486988e+01,1.244000000000000057e+02,0.000000000000000000e+00,-4.373259632596217528e-01,8.993030645222132025e-01,0.000000000000000000e+00
2.180831141766719838e+01,2.737512654053030303e+01,1.244000000000000057e+02,0.000000000000000000e+00,-4.308912683367168706e-01,9.024038535329819144e-01,0.000000000000000000e+00
2.219714605223132153e+01,2.706079649854954638e+01,1.244000000000000057e+02,0.000000000000000000e+00,-4.244345892589034830e-01,9.054586017265648934e-01,0.000000000000000000e+00
2.258145073402966929e+01,2.674094393895980204e+01,1.244000000000000057e+02,0.000000000000000000e+00,-4.179562554471714098e-01,9.084671532491302992e-01,0.000000000000000000e+00
2.296114703486916753e+01,2.641563413668350435e+01,1.244000000000000057e+02,0.000000000000000000e+00,-4.114565974273601268e-01,9.114293546037999239e-01,0.000000000000000000e+00
2.333615746702666272e+01,2.608493348034715353e+01,1.244000000000000057e+02,0.000000000000000000e+00,-4.049359468132556761e-01,9.143450546584982463e-01,0.000000000000000000e+00
2.370640549906245553e+01,2.574890945873283599e+01,1.244000000000000057e+02,0.000000000000000000e+00,-3.983946362897128890e-01,9.172141046536448350e-01,0.000000000000000000e+00
2.407181557143873718e+01,2.540763064700523444e+01,1.244000000000000057e+02,0.000000000000000000e+00,-3.918329995956301715e-01,9.200363582097670356e-01,0.000000000000000000e+00
2.443231311193958533e+01,2.506116669271694164e+01,1.244000000000000057e+02,0.000000000000000000e+00,-3.852513715069771361e-01,9.228116713349442390e-01,0.000000000000000000e+00
2.478782455088956738e+01,2.470958830159491626e+01,1.244000000000000057e+02,0.000000000000000000e+00,-3.786500878196762954e-01,9.255399024321704360e-01,0.000000000000000000e+00
2.513827733616769322e+01,2.435296722311097994e+01,1.244000000000000057e+02,0.000000000000000000e+00,-3.720294853324787043e-01,9.282209123065753298e-01,0.000000000000000000e+00
2.548359994801370476e+01,2.399137623583932566e+01,1.244000000000000057e+02,0.000000000000000000e+00,-3.653899018297913082e-01,9.308545641725217701e-01,0.000000000000000000e+00
2.582372191362371439e+01,2.362488913260399315e+01,1.244000000000000057e+02,0.000000000000000000e+00,-3.587316760644419511e-01,9.334407236605848368e-01,0.000000000000000000e+00
2.615857382153216193e+01,2.325358070541937749e+01,1.244000000000000057e+02,0.000000000000000000e+00,-3.520551477403678908e-01,9.359792588244184586e-01,0.000000000000000000e+00
2.648808733577716978e+01,2.287752673022678707e+01,1.244000000000000057e+02,0.000000000000000000e+00,-3.453606574953334007e-01,9.384700401474684872e-01,0.000000000000000000e+00
2.681219520984642557e+01,2.249680395143026601e+01,1.244000000000000057e+02,0.000000000000000000e+00,-3.386485468835057078e-01,9.409129405495973986e-01,0.000000000000000000e+00
2.713083130040073954e+01,2.211149006623469404e+01,1.244000000000000057e+02,0.000000000000000000e+00,-3.319191583580536897e-01,9.433078353935587801e-01,0.000000000000000000e+00
2.744393058077243097e+01,2.172166370878952435e+01,1.244000000000000057e+02,0.000000000000000000e+00,-3.251728352536624733e-01,9.456546024913612403e-01,0.000000000000000000e+00
2.775142915423586842e+01,2.132740443414123988e+01,1.244000000000000057e+02,0.000000000000000000e+00,-3.184099217690340433e-01,9.479531221104964267e-01,0.000000000000000000e+00
2.805326426704739617e+01,2.092879270199792430e+01,1.244000000000000057e+02,0.000000000000000000e+00,-3.116307629493091369e-01,9.502032769800531353e-01,0.000000000000000000e+00
2.834937432125199663e+01,2.052590986030919140e+01,1.244000000000000057e+02,0.000000000000000000e+00,-3.048357046684502802e-01,9.524049522967051873e-01,0.000000000000000000e+00
2.863969888725407742e+01,2.011883812866482657e+01,1.244000000000000057e+02,0.000000000000000000e+00,-2.980250936116487503e-01,9.545580357305510910e-01,0.000000000000000000e+00
2.892417871614986424e+01,1.970766058151558298e+01,1.244000000000000057e+02,0.000000000000000000e+00,-2.911992772575789923e-01,9.566624174308634432e-01,0.000000000000000000e+00
2.920275575181877414e+01,1.929246113121950756e+01,1.244000000000000057e+02,0.000000000000000000e+00,-2.843586038606915611e-01,9.587179900316872283e-01,0.000000000000000000e+00
2.947537314277142073e+01,1.887332451091723229e+01,1.244000000000000057e+02,0.000000000000000000e+00,-2.775034224334579913e-01,9.607246486573131072e-01,0.000000000000000000e+00
2.974197525375175744e+01,1.845033625723981885e+01,1.244000000000000057e+02,0.000000000000000000e+00,-2.706340827285344530e-01,9.626822909276376850e-01,0.000000000000000000e+00
3.000250767709101041e+01,1.802358269285257819e+01,1.244000000000000057e+02,0.000000000000000000e+00,-2.637509352209577718e-01,9.645908169633744533e-01,0.000000000000000000e+00
3.025691724381111669e+01,1.759315090883850985e+01,1.244000000000000057e+02,0.000000000000000000e+00,-2.568543310902340338e-01,9.664501293911592628e-01,0.000000000000000000e+00
3.050515203447532997e+01,1.715912874692493517e+01,1.244000000000000057e+02,0.000000000000000000e+00,-2.499446222024057085e-01,9.682601333485215678e-01,0.000000000000000000e+00
3.074716138978384450e+01,1.672160478155687002e+01,1.244000000000000057e+02,0.000000000000000000e+00,-2.430221610921587394e-01,9.700207364887086792e-01,0.000000000000000000e+00
3.098289592091227362e+01,1.628066830182095259e+01,1.244000000000000057e+02,0.000000000000000000e+00,-2.360873009447779780e-01,9.717318489854132046e-01,0.000000000000000000e+00
3.121230751959080507e+01,1.583640929322348967e+01,1.244000000000000057e+02,0.000000000000000000e+00,-2.291403955781501911e-01,9.733933835373491661e-01,0.000000000000000000e+00
3.143534936792206125e+01,1.538891841932635707e+01,1.244000000000000057e+02,0.000000000000000000e+00,-2.221817994247217709e-01,9.750052553727044380e-01,0.000000000000000000e+00
3.165197594793560754e+01,1.493828700324457337e+01,1.244000000000000057e+02,0.000000000000000000e+00,-2.152118675133975201e-01,9.765673822534703952e-01,0.000000000000000000e+00
3.186214305087717946e+01,1.448460700900922227e+01,1.244000000000000057e+02,0.000000000000000000e+00,-2.082309554514333583e-01,9.780796844796354472e-01,0.000000000000000000e+00
3.206580778623071382e+01,1.402797102279961905e+01,1.244000000000000057e+02,0.000000000000000000e+00,-2.012394194063004405e-01,9.795420848932501201e-01,0.000000000000000000e+00
3.226292859047137540e+01,1.356847223404848890e+01,1.244000000000000057e+02,0.000000000000000000e+00,-1.942376160875021185e-01,9.809545088823661274e-01,0.000000000000000000e+00
3.245346523554776041e+01,1.310620441642403478e+01,1.244000000000000057e+02,0.000000000000000000e+00,-1.872259027283920962e-01,9.823168843848397724e-01,0.000000000000000000e+00
3.263737883709157472e+01,1.264126190869278332e+01,1.244000000000000057e+02,0.000000000000000000e+00,-1.802046370679142584e-01,9.836291418920147800e-01,0.000000000000000000e+00
3.281463186235306040e+01,1.217373959546710260e+01,1.244000000000000057e+02,0.000000000000000000e+00,-1.731741773323914046e-01,9.848912144522609102e-01,0.000000000000000000e+00
3.298518813786063220e+01,1.170373288784132093e+01,1.244000000000000057e+02,0.000000000000000000e+00,-1.661348822172154793e-01,9.861030376743963322e-01,0.000000000000000000e+00
3.314901285680307552e+01,1.123133770392041164e+01,1.244000000000000057e+02,0.000000000000000000e+00,-1.590871108685941449e-01,9.872645497309643359e-01,0.000000000000000000e+00
3.330607258613289190e+01,1.075665044924520330e+01,1.244000000000000057e+02,0.000000000000000000e+00,-1.520312228651421460e-01,9.883756913614020201e-01,0.000000000000000000e+00
3.345633527338920032e+01,1.027976799711810685e+01,1.244000000000000057e+02,0.000000000000000000e+00,-1.449675781996273005e-01,9.894364058750491076e-01,0.000000000000000000e+00
3.359977025323898658e+01,9.800787668833391919e+00,1.244000000000000057e+02,0.000000000000000000e+00,-1.378965372605474859e-01,9.904466391540487358e-01,0.000000000000000000e+00
3.373634825373520840e+01,9.319807213816043046e+00,1.244000000000000057e+02,0.000000000000000000e+00,-1.308184608137600291e-01,9.914063396561062502e-01,0.000000000000000000e+00
3.386604140229056270e+01,8.836924789673231473e+00,1.244000000000000057e+02,0.000000000000000000e+00,-1.237337099840947058e-01,9.923154584171164361e-01,0.000000000000000000e+00
3.398882323136569283e+01,8.352238942162488300e+00,1.244000000000000057e+02,0.000000000000000000e+00,-1.166426462368839734e-01,9.931739490536676263e-01,0.000000000000000000e+00
3.410466868387060657e+01,7.865848585080675193e+00,1.244000000000000057e+02,0.000000000000000000e+00,-1.095456313595450371e-01,9.939817677654045891e-01,0.000000000000000000e+00
3.421355411827828163e+01,7.377852980077830303e+00,1.244000000000000057e+02,0.000000000000000000e+00,-1.024430274431453736e-01,9.947388733372607428e-01,0.000000000000000000e+00
3.431545731344940720e+01,6.888351716400038072e+00,1.244000000000000057e+02,0.000000000000000000e+00,-9.533519686390413972e-02,9.954452271415643594e-01,0.000000000000000000e+00
3.441035747316723103e+01,6.397444690565437853e+00,1.244000000000000057e+02,0.000000000000000000e+00,-8.822250226468202061e-02,9.961007931400106541e-01,0.000000000000000000e+00
3.449823523038158868e+01,5.905232085977526246e+00,1.244000000000000057e+02,0.000000000000000000e+00,-8.110530653652552047e-02,9.967055378854962067e-01,0.000000000000000000e+00
3.457907265116131867e+01,5.411814352479912493e+00,1.244000000000000057e+02,0.000000000000000000e+00,-7.398397280010511612e-02,9.972594305238298151e-01,0.000000000000000000e+00
3.465285323835416165e+01,4.917292185856696918e+00,1.244000000000000057e+02,0.000000000000000000e+00,-6.685886438726208747e-02,9.977624427953006858e-01,0.000000000000000000e+00
3.471956193495351783e+01,4.421766507282663738e+00,1.244000000000000057e+02,0.000000000000000000e+00,-5.973034482235867887e-02,9.982145490361289397e-01,0.000000000000000000e+00
3.477918512717118915e+01,3.925338442727470234e+00,1.244000000000000057e+02,0.000000000000000000e+00,-5.259877780385335821e-02,9.986157261797656837e-01,0.000000000000000000e+00
3.483171064721571497e+01,3.428109302318047114e+00,1.244000000000000057e+02,0.000000000000000000e+00,-4.546452718563258333e-02,9.989659537580782844e-01,0.000000000000000000e+00
3.487712777577549872e+01,2.930180559663412954e+00,1.244000000000000057e+02,0.000000000000000000e+00,-3.832795695854179785e-02,9.992652139023874280e-01,0.000000000000000000e+00
3.491542724420642685e+01,2.431653831146125100e+00,1.244000000000000057e+02,0.000000000000000000e+00,-3.118943123176034712e-02,9.995134913443836089e-01,0.000000000000000000e+00
3.494660123642338334e+01,1.932630855184598984e+00,1.244000000000000057e+02,0.000000000000000000e+00,-2.404931421423527407e-02,9.997107734169042859e-01,0.000000000000000000e+00
3.497064339049533999e+01,1.433213471470514477e+00,1.244000000000000057e+02,0.000000000000000000e+00,-1.690797019609552657e-02,9.998570500545805873e-01,0.000000000000000000e+00
3.498754879994368139e+01,9.335036001855607779e-01,1.244000000000000057e+02,0.000000000000000000e+00,-9.765763530084863378e-03,9.999523137943501228e-01,0.000000000000000000e+00
3.499731401474352310e+01,4.336032212017537635e-01,1.244000000000000057e+02,0.000000000000000000e+00,-2.623058612947292475e-03,9.999965597758389002e-01,0.000000000000000000e+00
3.499993704202777423e+01,-6.638564673043034770e-02,1.244000000000000057e+02,0.000000000000000000e+00,4.519780133131157292e-03,9.999897857416085722e-01,0.000000000000000000e+00
3.499541734649385916e+01,-5.663609668018532162e-01,1.244000000000000057e+02,0.000000000000000000e+00,1.166238827917674518e-02,9.999319920372713444e-01,0.000000000000000000e+00
3.498375585051292092e+01,-1.066220704968198874e+00,1.244000000000000057e+02,0.000000000000000000e+00,1.880440140793242926e-02,9.998231816114734327e-01,0.000000000000000000e+00
3.496495493394163390e+01,-1.565862850772893999e+00,1.244000000000000057e+02,0.000000000000000000e+00,2.594545513253505159e-02,9.996633600157432964e-01,0.000000000000000000e+00
3.493901843363649107e+01,-2.065185438165215270e+00,1.244000000000000057e+02,0.000000000000000000e+00,3.308518511506287202e-02,9.994525354042091969e-01,0.000000000000000000e+00
3.490595164267079298e+01,-2.564086566309331516e+00,1.244000000000000057e+02,0.000000000000000000e+00,4.022322708510515932e-02,9.991907185331837526e-01,0.000000000000000000e+00
3.486576130925447359e+01,-3.062464420380041741e+00,1.244000000000000057e+02,0.000000000000000000e+00,4.735921685841405077e-02,9.988779227606132682e-01,0.000000000000000000e+00
3.481845563535689791e+01,-3.560217292340954742e+00,1.244000000000000057e+02,0.000000000000000000e+00,5.449279035542774902e-02,9.985141640453977230e-01,0.000000000000000000e+00
3.476404427503303651e+01,-4.057243601700879942e+00,1.244000000000000057e+02,0.000000000000000000e+00,6.162358361984611455e-02,9.980994609465771994e-01,0.000000000000000000e+00
3.470253833245330100e+01,-4.553441916244187482e+00,1.244000000000000057e+02,0.000000000000000000e+00,6.875123283725353973e-02,9.976338346223817544e-01,0.000000000000000000e+00
3.463395035963738877e+01,-5.048710972730906299e+00,1.244000000000000057e+02,0.000000000000000000e+00,7.587537435361456362e-02,9.971173088291561681e-01,0.000000000000000000e+00
3.455829435389271964e+01,-5.542949697562342237e+00,1.244000000000000057e+02,0.000000000000000000e+00,8.299564469385077581e-02,9.965499099201464706e-01,0.000000000000000000e+00
3.447558575495789768e+01,-6.036057227407992443e+00,1.244000000000000057e+02,0.000000000000000000e+00,9.011168058043668438e-02,9.959316668441511311e-01,0.000000000000000000e+00
3.438584144185175262e+01,-6.527932929789546534e+00,1.244000000000000057e+02,0.000000000000000000e+00,9.722311895184797270e-02,9.952626111440511236e-01,0.000000000000000000e+00
3.428907972942874238e+01,-7.018476423617779680e+00,1.244000000000000057e+02,0.000000000000000000e+00,1.043295969811196683e-01,9.945427769551982156e-01,0.000000000000000000e+00
3.418532036464129931e+01,-7.507587599678136492e+00,1.244000000000000057e+02,0.000000000000000000e+00,1.114307520944176483e-01,9.937722010036668108e-01,0.000000000000000000e+00
3.407458452250985204e+01,-7.995166641060843737e+00,1.244000000000000057e+02,0.000000000000000000e+00,1.185262219894348407e-01,9.929509226043909953e-01,0.000000000000000000e+00
3.395689480180151776e+01,-8.481114043531356117e+00,1.244000000000000057e+02,0.000000000000000000e+00,1.256156446539246352e-01,9.920789836591534794e-01,0.000000000000000000e+00
3.383227522041818958e+01,-8.965330635836991746e+00,1.244000000000000057e+02,0.000000000000000000e+00,1.326986583842154899e-01,9.911564286544426450e-01,0.000000000000000000e+00
3.370075121049495692e+01,-9.447717599945637090e+00,1.244000000000000057e+02,0.000000000000000000e+00,1.397749018035725210e-01,9.901833046591937970e-01,0.000000000000000000e+00
3.356234961321001720e+01,-9.928176491212330035e+00,1.244000000000000057e+02,0.000000000000000000e+00,1.468440138807055595e-01,9.891596613223787582e-01,0.000000000000000000e+00
3.341709867330695261e+01,-1.040660925846967011e+01,1.244000000000000057e+02,0.000000000000000000e+00,1.539056339481728597e-01,9.880855508704755596e-01,0.000000000000000000e+00
3.326502803333058722e+01,-1.088291826403792406e+01,1.244000000000000057e+02,0.000000000000000000e+00,1.609594017207658934e-01,9.869610281048046829e-01,0.000000000000000000e+00
3.310616872757760376e+01,-1.135700630365073849e+01,1.244000000000000057e+02,0.000000000000000000e+00,1.680049573138943098e-01,9.857861503987346286e-01,0.000000000000000000e+00
3.294055317576312802e+01,-1.182877662629241122e+01,1.244000000000000057e+02,0.000000000000000000e+00,1.750419412619756976e-01,9.845609776947484848e-01,0.000000000000000000e+00
3.276821517640455284e+01,-1.229813295394265538e+01,1.244000000000000057e+02,0.000000000000000000e+00,1.820699945367349470e-01,9.832855725013935899e-01,0.000000000000000000e+00
3.258918989992401549e+01,-1.276497950122485214e+01,1.244000000000000057e+02,0.000000000000000000e+00,1.890887585655572078e-01,9.819599998900853111e-01,0.000000000000000000e+00
3.240351388147087164e+01,-1.322922099495373871e+01,1.244000000000000057e+02,0.000000000000000000e+00,1.960978752497594679e-01,9.805843274917919183e-01,0.000000000000000000e+00
3.221122501346567191e+01,-1.369076269357859843e+01,1.244000000000000057e+02,0.000000000000000000e+00,2.030969869828629371e-01,9.791586254935830125e-01,0.000000000000000000e+00
3.201236253786715480e+01,-1.414951040651793512e+01,1.244000000000000057e+02,0.000000000000000000e+00,2.100857366688408945e-01,9.776829666350490555e-01,0.000000000000000000e+00
3.180696703816382254e+01,-1.460537051338171466e+01,1.244000000000000057e+02,0.000000000000000000e+00,2.170637677403691457e-01,9.761574262045825678e-01,0.000000000000000000e+00
3.159508043109170217e+01,-1.505824998307724805e+01,1.244000000000000057e+02,0.000000000000000000e+00,2.240307241769468882e-01,9.745820820355527436e-01,0.000000000000000000e+00
3.137674595808010736e+01,-1.550805639279479564e+01,1.244000000000000057e+02,0.000000000000000000e+00,2.309862505231367047e-01,9.729570145023174188e-01,0.000000000000000000e+00
3.115200817642696762e+01,-1.595469794686904841e+01,1.244000000000000057e+02,0.000000000000000000e+00,2.379299919066589497e-01,9.712823065161318992e-01,0.000000000000000000e+00
3.092091295020566122e+01,-1.639808349551262623e+01,1.244000000000000057e+02,0.000000000000000000e+00,2.448615940564772830e-01,9.695580435209234516e-01,0.000000000000000000e+00
3.068350744090519555e+01,-1.683812255341775099e+01,1.244000000000000057e+02,0.000000000000000000e+00,2.517807033209502610e-01,9.677843134889134724e-01,0.000000000000000000e+00
3.043984009780552569e+01,-1.727472531822231261e+01,1.244000000000000057e+02,0.000000000000000000e+00,2.586869666857873340e-01,9.659612069161506165e-01,0.000000000000000000e+00
3.018996064809014612e+01,-1.770780268883659403e+01,1.244000000000000057e+02,0.000000000000000000e+00,2.655800317921114817e-01,9.640888168178806117e-01,0.000000000000000000e+00
2.993392008669785298e+01,-1.813726628362683968e+01,1.244000000000000057e+02,0.000000000000000000e+00,2.724595469544275894e-01,9.621672387238031643e-01,0.000000000000000000e+00
2.967177066591578338e+01,-1.856302845845202043e+01,1.244000000000000057e+02,0.000000000000000000e+00,2.793251611785467214e-01,9.601965706732028538e-01,0.000000000000000000e+00
2.940356588471588140e+01,-1.898500232455009140e+01,1.244000000000000057e+02,0.000000000000000000e+00,2.861765241795288794e-01,9.581769132099371422e-01,0.000000000000000000e+00
2.912936047783690086e+01,-1.940310176627009042e+01,1.244000000000000057e+02,0.000000000000000000e+00,2.930132863995141834e-01,9.561083693773192449e-01,0.000000000000000000e+00
2.884921040461426855e+01,-1.981724145864645692e+01,1.244000000000000057e+02,0.000000000000000000e+00,2.998350990255967963e-01,9.539910447128476800e-01,0.000000000000000000e+00
2.856317283755997494e+01,-2.022733688481200431e+01,1.244000000000000057e+02,0.000000000000000000e+00,3.066416140075871044e-01,9.518250472428333442e-01,0.000000000000000000e+00
2.827130615069494013e+01,-2.063330435324595413e+01,1.244000000000000057e+02,0.000000000000000000e+00,3.134324840757828912e-01,9.496104874768833692e-01,0.000000000000000000e+00
2.797366990763614680e+01,-2.103506101485355728e+01,1.244000000000000057e+02,0.000000000000000000e+00,3.202073627587045390e-01,9.473474784022573036e-01,0.000000000000000000e+00
2.767032484944098769e+01,-2.143252487987378174e+01,1.244000000000000057e+02,0.000000000000000000e+00,3.269659044007381943e-01,9.450361354781134926e-01,0.000000000000000000e+00
2.736133288221136084e+01,-2.182561483461163832e+01,1.244000000000000057e+02,0.000000000000000000e+00,3.337077641798081307e-01,9.426765766296060223e-01,0.000000000000000000e+00
2.704675706445998173e+01,-2.221425065799168763e+01,1.244000000000000057e+02,0.000000000000000000e+00,3.404325981249246569e-01,9.402689222418837423e-01,0.000000000000000000e+00
2.672666159424151289e+01,-2.259835303792945993e+01,1.244000000000000057e+02,0.000000000000000000e+00,3.471400631337777098e-01,9.378132951539324136e-01,0.000000000000000000e+00
2.640111179605115765e+01,-2.297784358751727041e+01,1.244000000000000057e+02,0.000000000000000000e+00,3.538298169902311385e-01,9.353098206523117186e-01,0.000000000000000000e+00
2.607017410749332598e+01,-2.335264486102130022e+01,1.244000000000000057e+02,0.000000000000000000e+00,3.605015183817491531e-01,9.327586264647749204e-01,0.000000000000000000e+00
2.573391606572321066e+01,-2.372268036968657512e+01,1.244000000000000057e+02,0.000000000000000000e+00,3.671548269168580791e-01,9.301598427537344227e-01,0.000000000000000000e+00
2.539240629366389967e+01,-2.408787459734664793e+01,1.244000000000000057e+02,0.000000000000000000e+00,3.737894031424858765e-01,9.275136021096317407e-01,0.000000000000000000e+00
2.504571448600194117e+01,-2.444815301583480149e+01,1.244000000000000057e+02,0.000000000000000000e+00,3.804049085612751235e-01,9.248200395441742439e-01,0.000000000000000000e+00
2.469391139496419640e+01,-2.480344210019362094e+01,1.244000000000000057e+02,0.000000000000000000e+00,3.870010056488870642e-01,9.220792924834338988e-01,0.000000000000000000e+00
2.433706881587882975e+01,-2.515366934367982310e+01,1.244000000000000057e+02,0.000000000000000000e+00,3.935773578711781462e-01,9.192915007608536415e-01,0.000000000000000000e+00
2.397525957252346629e+01,-2.549876327256131603e+01,1.244000000000000057e+02,0.000000000000000000e+00,4.001336297014049248e-01,9.164568066100982069e-01,0.000000000000000000e+00
2.360855750226345862e+01,-2.583865346070339797e+01,1.244000000000000057e+02,0.000000000000000000e+00,4.066694866373188333e-01,9.135753546578079254e-01,0.000000000000000000e+00
2.323703744098326140e+01,-2.617327054394123920e+01,1.244000000000000057e+02,0.000000000000000000e+00,4.131845952182574555e-01,9.106472919162087454e-01,0.000000000000000000e+00
2.286077520781408978e+01,-2.650254623423554534e+01,1.244000000000000057e+02,0.000000000000000000e+00,4.196786230421276631e-01,9.076727677756250001e-01,0.000000000000000000e+00
2.247984758966088847e+01,-2.682641333360868074e+01,1.244000000000000057e+02,0.000000000000000000e+00,4.261512387823913062e-01,9.046519339968457363e-01,0.000000000000000000e+00
2.209433232553178073e+01,-2.714480574785831024e+01,1.244000000000000057e+02,0.000000000000000000e+00,4.326021122049580336e-01,9.015849447033867925e-01,0.000000000000000000e+00
2.170430809067325839e+01,-2.745765850004576336e+01,1.244000000000000057e+02,0.000000000000000000e+00,4.390309141850243790e-01,8.984719563736320858e-01,0.000000000000000000e+00
2.130985448051426800e+01,-2.776490774375643511e+01,1.244000000000000057e+02,0.000000000000000000e+00,4.454373167238933062e-01,8.953131278328370080e-01,0.000000000000000000e+00
2.091105199442252172e+01,-2.806649077612942023e+01,1.244000000000000057e+02,0.000000000000000000e+00,4.518209929656723522e-01,8.921086202450427827e-01,0.000000000000000000e+00
2.050798201927635134e+01,-2.836234605065381231e+01,1.244000000000000057e+02,0.000000000000000000e+00,4.581816172139905885e-01,8.888585971048332812e-01,0.000000000000000000e+00
2.010072681285539176e+01,-2.865241318972899620e+01,1.244000000000000057e+02,0.000000000000000000e+00,4.645188649485655907e-01,8.855632242290193412e-01,0.000000000000000000e+00
1.968936948705360024e+01,-2.893663299698641111e+01,1.244000000000000057e+02,0.000000000000000000e+00,4.708324128418270860e-01,8.822226697481443392e-01,0.000000000000000000e+00
1.927399399091790499e+01,-2.921494746937020537e+01,1.244000000000000057e+02,0.000000000000000000e+00,4.771219387753408148e-01,8.788371040979436888e-01,0.000000000000000000e+00
1.885468509351606770e+01,-2.948729980897442005e+01,1.244000000000000057e+02,0.000000000000000000e+00,4.833871218562864058e-01,8.754067000106269258e-01,0.000000000000000000e+00
1.843152836663712435e+01,-2.975363443463421831e+01,1.244000000000000057e+02,0.000000000000000000e+00,4.896276424338393274e-01,8.719316325060586514e-01,0.000000000000000000e+00
1.800461016732809938e+01,-3.001389699326873028e+01,1.244000000000000057e+02,0.000000000000000000e+00,4.958431821154386521e-01,8.684120788828515458e-01,0.000000000000000000e+00
1.757401762027039638e+01,-3.026803437097337479e+01,1.244000000000000057e+02,0.000000000000000000e+00,5.020334237830580415e-01,8.648482187093065043e-01,0.000000000000000000e+00
1.713983859999953197e+01,-3.051599470385925272e+01,1.244000000000000057e+02,0.000000000000000000e+00,5.081980516093874689e-01,8.612402338142489677e-01,0.000000000000000000e+00
1.670216171297190755e+01,-3.075772738863739875e+01,1.244000000000000057e+02,0.000000000000000000e+00,5.143367510739361714e-01,8.575883082777585598e-01,0.000000000000000000e+00
1.626107627948213619e+01,-3.099318309294583074e+01,1.244000000000000057e+02,0.000000000000000000e+00,5.204492089790822007e-01,8.538926284217750462e-01,0.000000000000000000e+00
1.581667231543472063e+01,-3.122231376541720849e+01,1.244000000000000057e+02,0.000000000000000000e+00,5.265351134660604115e-01,8.501533828005878313e-01,0.000000000000000000e+00
1.536904051397378623e+01,-3.144507264548505177e+01,1.244000000000000057e+02,0.000000000000000000e+00,5.325941540308503086e-01,8.463707621912295309e-01,0.000000000000000000e+00
1.491827222697458488e+01,-3.166141427292657440e+01,1.244000000000000057e+02,0.000000000000000000e+00,5.386260215400484608e-01,8.425449595837241068e-01,0.000000000000000000e+00
1.446445944640056958e+01,-3.187129449714010576e+01,1.244000000000000057e+02,0.000000000000000000e+00,5.446304082466194574e-01,8.386761701712530659e-01,0.000000000000000000e+00
1.400769478552984815e+01,-3.207467048615527005e+01,1.244000000000000057e+02,0.000000000000000000e+00,5.506070078056126693e-01,8.347645913401874340e-01,0.000000000000000000e+00
1.354807146005482998e+01,-3.227150073537404751e+01,1.244000000000000057e+02,0.000000000000000000e+00,5.565555152897643243e-01,8.308104226600343534e-01,0.000000000000000000e+00
1.308568326905894708e+01,-3.246174507604097670e+01,1.244000000000000057e+02,0.000000000000000000e+00,5.624756272050895900e-01,8.268138658732333557e-01,0.000000000000000000e+00
1.262062457587430053e+01,-3.264536468344070386e+01,1.244000000000000057e+02,0.000000000000000000e+00,5.683670415063486470e-01,8.227751248848743648e-01,0.000000000000000000e+00
1.215299028882417254e+01,-3.282232208482125912e+01,1.244000000000000057e+02,0.000000000000000000e+00,5.742294576124548078e-01,8.186944057522965723e-01,0.000000000000000000e+00
1.168287584185430283e+01,-3.299258116704143617e+01,1.244000000000000057e+02,0.000000000000000000e+00,5.800625764218201308e-01,8.145719166745684081e-01,0.000000000000000000e+00
1.121037717505691766e+01,-3.315610718394068357e+01,1.244000000000000057e+02,0.000000000000000000e+00,5.858661003276054435e-01,8.104078679818725872e-01,0.000000000000000000e+00
1.073559071509143159e+01,-3.331286676343005126e+01,1.244000000000000057e+02,0.000000000000000000e+00,5.916397332329074166e-01,8.062024721247722514e-01,0.000000000000000000e+00
1.025861335550589359e+01,-3.346282791430270009e+01,1.244000000000000057e+02,0.000000000000000000e+00,5.973831805658751382e-01,8.019559436633655336e-01,0.000000000000000000e+00
9.779542436963115648e+00,-3.360596003276260291e+01,1.244000000000000057e+02,0.000000000000000000e+00,6.030961492947267688e-01,7.976684992563468635e-01,0.000000000000000000e+00
9.298475727375572930e+00,-3.374223390867011574e+01,1.244000000000000057e+02,0.000000000000000000e+00,6.087783479427071320e-01,7.933403576499484799e-01,0.000000000000000000e+00
8.815511401953109782e+00,-3.387162173150312583e+01,1.244000000000000057e+02,0.000000000000000000e+00,6.144294866029534896e-01,7.889717396667836891e-01,0.000000000000000000e+00
8.330748023167522831e+00,-3.399409709603257568e+01,1.244000000000000057e+02,0.000000000000000000e+00,6.200492769532871540e-01,7.845628681945799876e-01,0.000000000000000000e+00
7.844284520638109548e+00,-3.410963500771119783e+01,1.244000000000000057e+02,0.000000000000000000e+00,6.256374322709334912e-01,7.801139681748001653e-01,0.000000000000000000e+00
7.356220170942300740e+00,-3.421821188777434486e+01,1.244000000000000057e+02,0.000000000000000000e+00,6.311936674471358977e-01,7.756252665911770316e-01,0.000000000000000000e+00
6.866654577355468803e+00,-3.431980557805191268e+01,1.244000000000000057e+02,0.000000000000000000e+00,6.367176990017168192e-01,7.710969924581208002e-01,0.000000000000000000e+00
6.375687649524083511e+00,-3.441439534549032686e+01,1.244000000000000057e+02,0.000000000000000000e+00,6.422092450975361855e-01,7.665293768090383209e-01,0.000000000000000000e+00
5.883419583076331172e+00,-3.450196188638370387e+01,1.244000000000000057e+02,0.000000000000000000e+00,6.476680255548435960e-01,7.619226526845690461e-01,0.000000000000000000e+00
5.389950839174375119e+00,-3.458248733031334865e+01,1.244000000000000057e+02,0.000000000000000000e+00,6.530937618656315058e-01,7.572770551206459144e-01,0.000000000000000000e+00
4.895382124012425784e+00,-3.465595524379467207e+01,1.244000000000000057e+02,0.000000000000000000e+00,6.584861772077867936e-01,7.525928211365526810e-01,0.000000000000000000e+00
4.399814368264805431e+00,-3.472235063363093843e+01,1.244000000000000057e+02,0.000000000000000000e+00,6.638449964592662011e-01,7.478701897227866269e-01,0.000000000000000000e+00
3.903348706488206865e+00,-3.478165994997301169e+01,1.244000000000000057e+02,0.000000000000000000e+00,6.691699462120550557e-01,7.431094018289334802e-01,0.000000000000000000e+00
3.406086456482331215e+00,-3.483387108908465279e+01,1.244000000000000057e+02,0.000000000000000000e+00,6.744607547862288000e-01,7.383107003512752176e-01,0.000000000000000000e+00
2.908129098613142283e+00,-3.487897339581254386e+01,1.244000000000000057e+02,0.000000000000000000e+00,6.797171522436968871e-01,7.334743301205018939e-01,0.000000000000000000e+00
2.409578255102938105e+00,-3.491695766576084736e+01,1.244000000000000057e+02,0.000000000000000000e+00,6.849388704020806795e-01,7.286005378891247108e-01,0.000000000000000000e+00
1.910535669291477223e+00,-3.494781614716955431e+01,1.244000000000000057e+02,0.000000000000000000e+00,6.901256428483029115e-01,7.236895723189720186e-01,0.000000000000000000e+00
1.411103184872381622e+00,-3.497154254249650762e+01,1.244000000000000057e+02,0.000000000000000000e+00,6.952772049522472075e-01,7.187416839684414027e-01,0.000000000000000000e+00
9.113827251090652615e-01,-3.498813200970256077e+01,1.244000000000000057e+02,0.000000000000000000e+00,7.003932938802318597e-01,7.137571252797405563e-01,0.000000000000000000e+00
4.114762720344206093e-01,-3.499758116323973667e+01,1.244000000000000057e+02,0.000000000000000000e+00,7.050254130097489691e-01,7.091820408121125574e-01,0.000000000000000000e+00
2.143131898507868248e-15,-3.500000000000000000e+01,1.244000000000000057e+02,0.000000000000000000e+00,7.050254130097489691e-01,7.091820408121125574e-01,0.000000000000000000e+00
