-4.7512,-8.1134,-16.0969,0.4711146,-0.6148858,0.6324290
-4.7305,-8.0992,-16.0985,0.4737513,-0.6187920,0.6266228
-4.7078,-8.0842,-16.1010,0.4765762,-0.6229889,0.6202903
-4.6851,-8.0691,-16.1034,0.4793665,-0.6271472,0.6139171
-4.6624,-8.0541,-16.1059,0.4821222,-0.6312666,0.6075036
-4.6397,-8.0390,-16.1084,0.4848432,-0.6353469,0.6010502
-4.6170,-8.0240,-16.1108,0.4875292,-0.6393878,0.5945575
-4.5943,-8.0090,-16.1133,0.4901801,-0.6433889,0.5880257
-4.5716,-7.9939,-16.1158,0.4928021,-0.6473581,0.5814410
-4.5489,-7.9789,-16.1183,0.4955589,-0.6515107,0.5744173
-4.5262,-7.9638,-16.1208,0.4982757,-0.6556173,0.5673511
-4.5029,-7.9487,-16.1238,0.5010149,-0.6597723,0.5600755
-4.4795,-7.9336,-16.1269,0.5037120,-0.6638784,0.5527564
-4.4562,-7.9185,-16.1300,0.5063668,-0.6679353,0.5453944
-4.4328,-7.9034,-16.1331,0.5089792,-0.6719426,0.5379901
-4.4095,-7.8883,-16.1361,0.5114563,-0.6757776,0.5307891
-4.3861,-7.8731,-16.1391,0.5132626,-0.6787314,0.5252477
-4.3628,-7.8580,-16.1421,0.5144247,-0.6808375,0.5213709
-4.3395,-7.8428,-16.1450,0.5150430,-0.6822263,0.5189394
-4.3163,-7.8276,-16.1479,0.5152553,-0.6830789,0.5176053
-4.2930,-7.8123,-16.1508,0.5152031,-0.6835816,0.5169932
-4.2697,-7.7971,-16.1536,0.5150659,-0.6839718,0.5166137
-4.2450,-7.7812,-16.1570,0.5149201,-0.6843849,0.5162118
-4.2203,-7.7652,-16.1603,0.5147740,-0.6847978,0.5158097
-4.1956,-7.7493,-16.1637,0.5146275,-0.6852106,0.5154076
-4.1708,-7.7334,-16.1671,0.5144806,-0.6856232,0.5150053
-4.1461,-7.7174,-16.1704,0.5143334,-0.6860357,0.5146029
-4.1214,-7.7015,-16.1738,0.5141858,-0.6864480,0.5142004
-4.0967,-7.6856,-16.1771,0.5140378,-0.6868602,0.5137978
-4.0720,-7.6696,-16.1805,0.5138895,-0.6872722,0.5133951
-4.0472,-7.6537,-16.1839,0.5137407,-0.6876841,0.5129923
-4.0225,-7.6378,-16.1872,0.5135916,-0.6880958,0.5125893
-3.9978,-7.6218,-16.1906,0.5134422,-0.6885074,0.5121862
-3.9731,-7.6059,-16.1939,0.5132923,-0.6889188,0.5117831
-3.9484,-7.5900,-16.1973,0.5131421,-0.6893300,0.5113798
-3.9236,-7.5740,-16.2007,0.5129916,-0.6897411,0.5109764
-3.8989,-7.5581,-16.2040,0.5128406,-0.6901521,0.5105728
-3.8742,-7.5422,-16.2074,0.5126893,-0.6905628,0.5101692
-3.8495,-7.5262,-16.2107,0.5125376,-0.6909735,0.5097655
-3.8248,-7.5103,-16.2141,0.5123856,-0.6913840,0.5093616
-3.8000,-7.4944,-16.2175,0.5122331,-0.6917943,0.5089577
-3.7753,-7.4784,-16.2208,0.5120804,-0.6922044,0.5085536
-3.7506,-7.4625,-16.2242,0.5119272,-0.6926144,0.5081494
-3.7259,-7.4466,-16.2275,0.5117737,-0.6930243,0.5077451
-3.7012,-7.4306,-16.2309,0.5116198,-0.6934340,0.5073407
-3.6765,-7.4147,-16.2343,0.5114655,-0.6938435,0.5069361
-3.6517,-7.3987,-16.2376,0.5113109,-0.6942529,0.5065315
-3.6270,-7.3828,-16.2410,0.5111558,-0.6946621,0.5061268
-3.6023,-7.3669,-16.2443,0.5110005,-0.6950711,0.5057219
-3.5776,-7.3509,-16.2477,0.5108447,-0.6954800,0.5053169
-3.5529,-7.3350,-16.2511,0.5106886,-0.6958888,0.5049118
-3.5281,-7.3191,-16.2544,0.5105321,-0.6962973,0.5045066
-3.5034,-7.3031,-16.2578,0.5103753,-0.6967057,0.5041013
-3.4787,-7.2872,-16.2611,0.5102181,-0.6971140,0.5036959
-3.4540,-7.2713,-16.2645,0.5100605,-0.6975221,0.5032904
-3.4536,-7.2719,-16.2658,0.5165894,-0.7087629,0.4804066
-3.4532,-7.2726,-16.2671,0.5227284,-0.7195356,0.4571909
-3.4529,-7.2732,-16.2684,0.5284747,-0.7298314,0.4336594
-3.4526,-7.2738,-16.2698,0.5338260,-0.7396421,0.4098284
-3.4522,-7.2744,-16.2711,0.5387801,-0.7489597,0.3857142
-3.4519,-7.2750,-16.2724,0.5433350,-0.7577765,0.3613335
-3.4516,-7.2756,-16.2738,0.5474892,-0.7660852,0.3367032
-3.4513,-7.2761,-16.2752,0.5512415,-0.7738788,0.3118404
-3.4764,-7.2919,-16.2709,0.5462766,-0.7649827,0.3411501
-3.5015,-7.3077,-16.2666,0.5407652,-0.7553645,0.3701318
-3.5267,-7.3235,-16.2623,0.5347109,-0.7450347,0.3987575
-3.5392,-7.3313,-16.2602,0.5314814,-0.7396065,0.4129283
-3.5518,-7.3392,-16.2581,0.5283886,-0.7343811,0.4260162
-3.5643,-7.3471,-16.2561,0.5254142,-0.7293325,0.4381941
-3.5769,-7.3550,-16.2540,0.5228190,-0.7248212,0.4486586
-3.5894,-7.3629,-16.2520,0.5201472,-0.7202145,0.4590621
-3.6019,-7.3709,-16.2501,0.5183904,-0.7168838,0.4662070
-3.6145,-7.3788,-16.2482,0.5165961,-0.7135090,0.4733217
-3.6270,-7.3867,-16.2463,0.5150135,-0.7104338,0.4796299
-3.6520,-7.4027,-16.2427,0.5125242,-0.7052343,0.4898607
-3.6770,-7.4187,-16.2391,0.5113979,-0.7024918,0.4949520
-3.7019,-7.4347,-16.2357,0.5106347,-0.7006958,0.4982747
-3.7268,-7.4507,-16.2322,0.5101429,-0.6996007,0.5003129
-3.7518,-7.4668,-16.2288,0.5099120,-0.6989672,0.5014326
-3.7767,-7.4829,-16.2255,0.5098843,-0.6986124,0.5019549
-3.8016,-7.4990,-16.2221,0.5099073,-0.6983274,0.5023279
-3.8266,-7.5150,-16.2187,0.5099301,-0.6980423,0.5027009
-3.8515,-7.5311,-16.2153,0.5099528,-0.6977571,0.5030738
-3.8764,-7.5472,-16.2120,0.5099752,-0.6974718,0.5034465
-3.9013,-7.5633,-16.2086,0.5099974,-0.6971864,0.5038192
-3.9263,-7.5794,-16.2052,0.5100195,-0.6969008,0.5041918
-3.9512,-7.5954,-16.2018,0.5100413,-0.6966152,0.5045643
-3.9761,-7.6115,-16.1985,0.5100630,-0.6963294,0.5049367
-4.0011,-7.6276,-16.1951,0.5100845,-0.6960436,0.5053090
-4.0260,-7.6437,-16.1917,0.5101057,-0.6957576,0.5056812
-4.0509,-7.6598,-16.1884,0.5101268,-0.6954715,0.5060533
-4.0758,-7.6758,-16.1850,0.5101477,-0.6951854,0.5064253
-4.1008,-7.6919,-16.1816,0.5101684,-0.6948991,0.5067973
-4.1257,-7.7080,-16.1782,0.5101889,-0.6946127,0.5071691
-4.1506,-7.7241,-16.1749,0.5102092,-0.6943262,0.5075409
-4.1755,-7.7401,-16.1715,0.5102293,-0.6940396,0.5079125
-4.2005,-7.7562,-16.1681,0.5102492,-0.6937529,0.5082841
-4.2254,-7.7723,-16.1647,0.5102689,-0.6934661,0.5086555
-4.2503,-7.7884,-16.1614,0.5102884,-0.6931792,0.5090269
-4.2752,-7.8045,-16.1580,0.5103077,-0.6928922,0.5093981
-4.3002,-7.8205,-16.1546,0.5103269,-0.6926050,0.5097693
-4.3128,-7.8287,-16.1529,0.5103364,-0.6924602,0.5099565
-4.3253,-7.8368,-16.1512,0.5103460,-0.6923152,0.5101437
-4.3490,-7.8523,-16.1484,0.5103638,-0.6920415,0.5104972
-4.3726,-7.8679,-16.1457,0.5103815,-0.6917676,0.5108506
-4.3963,-7.8835,-16.1429,0.5103990,-0.6914937,0.5112038
-4.4199,-7.8990,-16.1401,0.5104163,-0.6912196,0.5115570
-4.4436,-7.9146,-16.1373,0.5104335,-0.6909455,0.5119102
-4.4672,-7.9301,-16.1345,0.5104504,-0.6906713,0.5122632
-4.4908,-7.9457,-16.1318,0.5104672,-0.6903969,0.5126161
-4.5145,-7.9613,-16.1290,0.5104838,-0.6901225,0.5129690
-4.5381,-7.9768,-16.1262,0.5105003,-0.6898480,0.5133217
-4.5620,-7.9926,-16.1234,0.5105167,-0.6895705,0.5136782
-4.5853,-8.0082,-16.1211,0.5105326,-0.6892991,0.5140264
-4.6085,-8.0238,-16.1189,0.5105483,-0.6890277,0.5143746
-4.6317,-8.0395,-16.1166,0.5105638,-0.6887562,0.5147227
-4.6549,-8.0551,-16.1143,0.5105792,-0.6884846,0.5150707
-4.6782,-8.0708,-16.1121,0.5105944,-0.6882129,0.5154187
-4.7014,-8.0864,-16.1098,0.5106094,-0.6879411,0.5157665
-4.7246,-8.1020,-16.1075,0.5106242,-0.6876692,0.5161143
-4.7365,-8.1099,-16.1063,0.5091640,-0.6855549,0.5203522
-4.7484,-8.1177,-16.1048,0.5057332,-0.6809424,0.5296710
-4.7720,-8.1337,-16.1027,0.4986898,-0.6714725,0.5481178
-4.7956,-8.1497,-16.1006,0.4914075,-0.6616804,0.5663018
-4.8074,-8.1577,-16.0995,0.4876778,-0.6566651,0.5752925
-4.8193,-8.1656,-16.0984,0.4831761,-0.6506100,0.5858732
-4.8430,-8.1815,-16.0962,0.4739288,-0.6381713,0.6067362
-4.8667,-8.1974,-16.0940,0.4643617,-0.6253013,0.6271893
-4.8904,-8.2133,-16.0918,0.4544812,-0.6120087,0.6472188
-4.9145,-8.2294,-16.0896,0.4441193,-0.5980677,0.6671379
-4.9378,-8.2455,-16.0883,0.4336961,-0.5840432,0.6861496
-4.9495,-8.2536,-16.0876,0.4283757,-0.5768843,0.6954846
-4.9611,-8.2618,-16.0871,0.4258473,-0.5734850,0.6998350
-4.9842,-8.2782,-16.0860,0.4207435,-0.5666232,0.7084582
-5.0074,-8.2945,-16.0850,0.4155778,-0.5596777,0.7169770
-5.0306,-8.3109,-16.0840,0.4103509,-0.5526495,0.7253900
-5.0537,-8.3272,-16.0830,0.4050636,-0.5455397,0.7336960
-5.0774,-8.3440,-16.0819,0.3983327,-0.5391416,0.7420629
-5.1002,-8.3608,-16.0819,0.3926944,-0.5340984,0.7486855
-5.1230,-8.3777,-16.0819,0.3870431,-0.5289792,0.7552342
-5.1459,-8.3945,-16.0819,0.3813795,-0.5237844,0.7617084
-5.1687,-8.4114,-16.0819,0.3757046,-0.5185143,0.7681074
-5.1801,-8.4198,-16.0819,0.3728632,-0.5158513,0.7712785
-5.1915,-8.4283,-16.0819,0.3694818,-0.5135567,0.7744305
-5.2144,-8.4451,-16.0819,0.3627277,-0.5088925,0.7806773
-5.2377,-8.4624,-16.0819,0.3558387,-0.5040226,0.7869816
-5.2603,-8.4798,-16.0829,0.3490866,-0.4991382,0.7930949
-5.2828,-8.4972,-16.0839,0.3423504,-0.4941542,0.7991294
-5.3053,-8.5145,-16.0850,0.3356315,-0.4890712,0.8050844
-5.3279,-8.5319,-16.0860,0.3289313,-0.4838896,0.8109593
-5.3504,-8.5493,-16.0870,0.3222512,-0.4786102,0.8167536
-5.3730,-8.5667,-16.0880,0.3155925,-0.4732334,0.8224667
-5.3961,-8.5845,-16.0891,0.3073727,-0.4685682,0.8282306
-5.4184,-8.6026,-16.0913,0.2997077,-0.4644236,0.8333583
-5.4408,-8.6206,-16.0934,0.2920970,-0.4601514,0.8384152
-5.4631,-8.6387,-16.0956,0.2845428,-0.4557523,0.8434010
-5.4854,-8.6567,-16.0978,0.2770471,-0.4512275,0.8483152
-5.5077,-8.6748,-16.1000,0.2696121,-0.4465779,0.8531574
-5.5301,-8.6928,-16.1021,0.2622398,-0.4418046,0.8579271
-5.5524,-8.7109,-16.1043,0.2530670,-0.4379918,0.8626241
-5.5661,-8.7224,-16.1063,0.2474128,-0.4355229,0.8655095
-5.5797,-8.7338,-16.1082,0.2418002,-0.4329807,0.8683665
-5.5934,-8.7453,-16.1102,0.2362303,-0.4303656,0.8711950
-5.6070,-8.7568,-16.1121,0.2307040,-0.4276783,0.8739948
-5.6206,-8.7683,-16.1141,0.2252222,-0.4249193,0.8767659
-5.6343,-8.7797,-16.1160,0.2197859,-0.4220893,0.8795083
-5.6479,-8.7912,-16.1180,0.2143960,-0.4191888,0.8822217
-5.6616,-8.8027,-16.1200,0.2090534,-0.4162185,0.8849061
-5.6752,-8.8141,-16.1219,0.2036162,-0.4132494,0.8875615
-5.6888,-8.8256,-16.1239,0.1981336,-0.4103702,0.8901345
-5.7090,-8.8432,-16.1277,0.1901529,-0.4062995,0.8937352
-5.7292,-8.8608,-16.1315,0.1822881,-0.4020710,0.8972792
-5.7494,-8.8784,-16.1353,0.1745424,-0.3976871,0.9007663
-5.7695,-8.8960,-16.1391,0.1669187,-0.3931503,0.9041963
-5.7897,-8.9136,-16.1429,0.1594202,-0.3884633,0.9075690
-5.8098,-8.9312,-16.1467,0.1520498,-0.3836288,0.9108841
-5.8300,-8.9488,-16.1505,0.1448105,-0.3786494,0.9141414
-5.8401,-8.9576,-16.1524,0.1409783,-0.3762048,0.9157484
-5.8502,-8.9664,-16.1543,0.1363876,-0.3740111,0.9173408
-5.8708,-8.9844,-16.1582,0.1271562,-0.3693500,0.9205498
-5.8915,-9.0031,-16.1631,0.1179077,-0.3643293,0.9237759
-5.9018,-9.0125,-16.1655,0.1133669,-0.3617289,0.9253649
-5.9121,-9.0219,-16.1680,0.1089729,-0.3593669,0.9268119
-5.9327,-9.0407,-16.1729,0.1016055,-0.3549626,0.9293427
-5.9533,-9.0594,-16.1779,0.0943985,-0.3504008,0.9318306
-5.9739,-9.0782,-16.1828,0.0873552,-0.3456857,0.9342754
-5.9945,-9.0970,-16.1878,0.0804790,-0.3408215,0.9366770
-6.0151,-9.1157,-16.1927,0.0737732,-0.3358125,0.9390354
-6.0357,-9.1344,-16.1977,0.0672408,-0.3306630,0.9413504
-6.0562,-9.1532,-16.2026,0.0608849,-0.3253776,0.9436220
-6.0768,-9.1719,-16.2076,0.0547085,-0.3199608,0.9458499
-6.0973,-9.1907,-16.2125,0.0487142,-0.3144171,0.9480342
-6.1192,-9.2105,-16.2177,0.0425955,-0.3086647,0.9502167
-6.1410,-9.2303,-16.2229,0.0366834,-0.3028166,0.9523426
-6.1628,-9.2502,-16.2280,0.0309757,-0.2968447,0.9544232
-6.1847,-9.2700,-16.2332,0.0254751,-0.2907545,0.9564585
-6.2065,-9.2898,-16.2384,0.0201840,-0.2845514,0.9584483
-6.2283,-9.3097,-16.2436,0.0151051,-0.2782411,0.9603925
-6.2501,-9.3295,-16.2488,0.0102405,-0.2718291,0.9622910
-6.2695,-9.3474,-16.2537,0.0060503,-0.2659802,0.9639595
-6.2889,-9.3654,-16.2587,0.0020367,-0.2600579,0.9655909
-6.2986,-9.3743,-16.2612,0.0000966,-0.2570705,0.9663926
-6.3083,-9.3833,-16.2637,-0.0015677,-0.2540679,0.9671851
-6.3276,-9.4012,-16.2687,-0.0023238,-0.2480589,0.9687422
-6.3473,-9.4189,-16.2731,-0.0030414,-0.2420384,0.9702619
-6.3669,-9.4366,-16.2774,-0.0037203,-0.2360066,0.9717443
-6.3866,-9.4544,-16.2818,-0.0043605,-0.2299639,0.9731894
-6.4062,-9.4721,-16.2862,-0.0037178,-0.2239349,0.9745970
-6.4262,-9.4896,-16.2899,-0.0031035,-0.2178955,0.9759672
-6.4461,-9.5070,-16.2936,-0.0025176,-0.2118462,0.9772998
-6.4661,-9.5245,-16.2973,-0.0019601,-0.2057872,0.9785948
-6.4861,-9.5420,-16.3010,-0.0014312,-0.1997189,0.9798522
-6.5062,-9.5593,-16.3043,-0.0009310,-0.1936427,0.9810717
-6.5264,-9.5767,-16.3076,-0.0004594,-0.1875578,0.9822535
-6.5364,-9.5853,-16.3093,-0.0002344,-0.1845122,0.9828302
-6.5465,-9.5940,-16.3109,0.0002808,-0.1814644,0.9833975
-6.5665,-9.6113,-16.3142,0.0059622,-0.1752625,0.9845037
-6.5869,-9.6283,-16.3167,0.0112415,-0.1688823,0.9855721
-6.6075,-9.6453,-16.3191,0.0134201,-0.1625886,0.9866027
-6.6280,-9.6623,-16.3215,0.0154011,-0.1562637,0.9875953
-6.6382,-9.6707,-16.3227,0.0196008,-0.1527054,0.9880774
-6.6484,-9.6792,-16.3239,0.0236046,-0.1490364,0.9885499
-6.6587,-9.6875,-16.3247,0.0274097,-0.1452652,0.9890130
-6.6691,-9.6958,-16.3254,0.0310136,-0.1414003,0.9894666
-6.6901,-9.7123,-16.3269,0.0312494,-0.1350551,0.9903452
-6.7111,-9.7289,-16.3284,0.0313426,-0.1287187,0.9911857
-6.7214,-9.7372,-16.3292,0.0374602,-0.1238654,0.9915917
-6.7318,-9.7454,-16.3299,0.0433511,-0.1186600,0.9919881
-6.7423,-9.7534,-16.3301,0.0487761,-0.1131928,0.9923751
-6.7529,-9.7614,-16.3303,0.0537249,-0.1074999,0.9927524
-6.7743,-9.7775,-16.3308,0.0546418,-0.1024028,0.9932411
-6.7957,-9.7937,-16.3312,0.0553420,-0.0973637,0.9937090
-6.8061,-9.8016,-16.3314,0.0628908,-0.0901924,0.9939367
-6.8166,-9.8095,-16.3317,0.0699691,-0.0829094,0.9940978
-6.8273,-9.8172,-16.3313,0.0770862,-0.0759232,0.9941295
-6.8381,-9.8248,-16.3309,0.0835132,-0.0683322,0.9941611
-6.8598,-9.8404,-16.3301,0.0858440,-0.0644153,0.9942241
-6.8816,-9.8560,-16.3294,0.0879940,-0.0604238,0.9942867
-6.8923,-9.8636,-16.3290,0.0954202,-0.0537614,0.9939843
-6.9030,-9.8713,-16.3286,0.1023379,-0.0462476,0.9936740
-6.9140,-9.8785,-16.3276,0.1085793,-0.0381339,0.9933561
-6.9249,-9.8858,-16.3265,0.1138926,-0.0303171,0.9930304
-6.9470,-9.9007,-16.3244,0.1201808,-0.0280508,0.9923557
-6.9690,-9.9157,-16.3223,0.1264286,-0.0254233,0.9916499
-6.9800,-9.9230,-16.3213,0.1319699,-0.0205852,0.9910400
-6.9909,-9.9304,-16.3203,0.1373183,-0.0153097,0.9904087
-7.0021,-9.9373,-16.3186,0.1424472,-0.0096036,0.9897558
-7.0132,-9.9443,-16.3169,0.1473125,-0.0040784,0.9890816
-7.0355,-9.9585,-16.3135,0.1565479,-0.0016032,0.9876691
-7.0578,-9.9727,-16.3101,0.1657254,0.0011927,0.9861712
-7.0689,-9.9797,-16.3085,0.1715218,0.0050800,0.9851672
-7.0800,-9.9868,-16.3068,0.1772181,0.0092273,0.9841283
-7.0912,-9.9933,-16.3044,0.1828039,0.0136305,0.9830549
-7.1025,-9.9999,-16.3020,0.1882719,0.0182877,0.9819467
-7.1250,-10.0132,-16.2972,0.1996218,0.0220054,0.9796259
-7.1474,-10.0265,-16.2924,0.2108768,0.0260166,0.9771664
-7.1699,-10.0397,-16.2876,0.2220263,0.0322430,0.9745074
-7.1926,-10.0519,-16.2814,0.2329680,0.0389538,0.9717039
-7.2153,-10.0642,-16.2751,0.2442155,0.0432409,0.9687564
-7.2379,-10.0766,-16.2689,0.2553650,0.0477400,0.9656654
-7.2606,-10.0889,-16.2626,0.2664121,0.0524488,0.9624312
-7.2834,-10.1001,-16.2549,0.2773513,0.0573647,0.9590545
-7.3061,-10.1115,-16.2472,0.2879987,0.0593546,0.9557896
-7.3289,-10.1229,-16.2395,0.2986122,0.0613218,0.9524024
-7.3517,-10.1342,-16.2318,0.3091905,0.0632662,0.9488934
-7.3744,-10.1447,-16.2230,0.3197721,0.0650035,0.9452621
-7.3972,-10.1553,-16.2141,0.3306383,0.0650976,0.9415097
-7.4199,-10.1658,-16.2052,0.3414751,0.0650524,0.9376369
-7.4427,-10.1764,-16.1964,0.3522796,0.0648681,0.9336440
-7.4654,-10.1861,-16.1864,0.3630457,0.0645455,0.9295331
-7.4880,-10.1958,-16.1765,0.3737742,0.0640849,0.9253032
-7.5107,-10.2055,-16.1665,0.3844626,0.0634869,0.9209549
-7.5334,-10.2152,-16.1566,0.3951081,0.0627520,0.9164888
-7.5559,-10.2238,-16.1454,0.4057078,0.0618808,0.9119057
-7.5785,-10.2325,-16.1342,0.4147254,0.0601110,0.9079590
-7.6011,-10.2412,-16.1230,0.4237009,0.0582056,0.9039301
-7.6236,-10.2500,-16.1119,0.4326322,0.0561653,0.8998194
-7.6460,-10.2578,-16.0997,0.4415354,0.0538581,0.8956259
-7.6684,-10.2657,-16.0876,0.4502794,0.0512634,0.8914149
-7.6908,-10.2737,-16.0755,0.4589699,0.0485277,0.8871255
-7.7132,-10.2816,-16.0634,0.4676046,0.0456519,0.8827581
-7.7354,-10.2887,-16.0505,0.4761783,0.0426380,0.8783144
-7.7576,-10.2959,-16.0376,0.4846914,0.0394860,0.8737935
-7.7798,-10.3031,-16.0247,0.4931413,0.0361972,0.8691958
-7.8020,-10.3103,-16.0118,0.5015258,0.0327725,0.8645218
-7.8240,-10.3165,-15.9980,0.5098452,0.0292119,0.8597701
-7.8459,-10.3228,-15.9842,0.5167957,0.0254538,0.8557303
-7.8679,-10.3292,-15.9703,0.5236863,0.0215847,0.8516377
-7.8899,-10.3355,-15.9565,0.5305154,0.0176057,0.8474924
-7.9117,-10.3412,-15.9422,0.5372806,0.0135180,0.8432952
-7.9334,-10.3470,-15.9278,0.5439807,0.0093224,0.8390459
-7.9552,-10.3528,-15.9135,0.5506141,0.0050199,0.8347448
-7.9770,-10.3586,-15.8992,0.5571790,0.0006115,0.8303922
-7.9985,-10.3636,-15.8840,0.5636751,-0.0039025,0.8259874
-8.0199,-10.3686,-15.8689,0.5700993,-0.0085201,0.8215316
-8.0414,-10.3735,-15.8538,0.5764502,-0.0132402,0.8170250
-8.0629,-10.3785,-15.8387,0.5827259,-0.0180616,0.8124680
-8.0840,-10.3827,-15.8228,0.5889252,-0.0229832,0.8078607
-8.0945,-10.3847,-15.8149,0.5919387,-0.0254788,0.8055802
-8.1051,-10.3868,-15.8069,0.5946007,-0.0279828,0.8035341
-8.1262,-10.3910,-15.7911,0.5998716,-0.0330549,0.7994132
-8.1473,-10.3951,-15.7752,0.6050706,-0.0382116,0.7952543
-8.1681,-10.3986,-15.7587,0.6101962,-0.0434515,0.7910579
-8.1890,-10.4022,-15.7423,0.6152474,-0.0487738,0.7868238
-8.2098,-10.4057,-15.7259,0.6202229,-0.0541774,0.7825524
-8.2306,-10.4092,-15.7094,0.6251216,-0.0596610,0.7782439
-8.2510,-10.4120,-15.6924,0.6299409,-0.0652222,0.7738996
-8.2715,-10.4148,-15.6754,0.6346810,-0.0708610,0.7695185
-8.2920,-10.4177,-15.6585,0.6393408,-0.0765765,0.7651009
-8.3124,-10.4205,-15.6415,0.6439190,-0.0823673,0.7606470
-8.3325,-10.4226,-15.6239,0.6484011,-0.0883320,0.7561571
-8.3526,-10.4247,-15.6062,0.6507718,-0.0951290,0.7532905
-8.3727,-10.4268,-15.5886,0.6530525,-0.1020194,0.7504096
-8.3928,-10.4289,-15.5710,0.6552478,-0.1089616,0.7475143
-8.4026,-10.4296,-15.5619,0.6558992,-0.1126212,0.7463998
-8.4125,-10.4303,-15.5527,0.6553483,-0.1164042,0.7463033
-8.4225,-10.4310,-15.5436,0.6537190,-0.1206261,0.7470614
-8.4324,-10.4317,-15.5344,0.6520105,-0.1250988,0.7478185
-8.4522,-10.4332,-15.5161,0.6483984,-0.1344778,0.7493299
-8.4721,-10.4346,-15.4977,0.6446485,-0.1437762,0.7508373
-8.4915,-10.4353,-15.4789,0.6407619,-0.1529936,0.7523411
-8.5109,-10.4360,-15.4600,0.6371127,-0.1622209,0.7535063
-8.5303,-10.4367,-15.4412,0.6335483,-0.1714322,0.7544717
-8.5497,-10.4374,-15.4223,0.6298498,-0.1805729,0.7554355
-8.5683,-10.4370,-15.4028,0.6260187,-0.1896403,0.7563975
-8.5869,-10.4366,-15.3832,0.6220561,-0.1986333,0.7573579
-8.5963,-10.4364,-15.3734,0.6202338,-0.2024656,0.7578375
-8.6056,-10.4361,-15.3636,0.6189244,-0.2046665,0.7583167
-8.6242,-10.4355,-15.3440,0.6162814,-0.2090467,0.7592738
-8.6330,-10.4348,-15.3340,0.6171428,-0.2119787,0.7577597
-8.6418,-10.4342,-15.3241,0.6202947,-0.2193383,0.7530771
-8.6507,-10.4338,-15.3141,0.6208856,-0.2333756,0.7483561
-8.6596,-10.4333,-15.3042,0.6211310,-0.2475076,0.7435969
-8.6684,-10.4329,-15.2943,0.6210273,-0.2617254,0.7387996
-8.6774,-10.4323,-15.2843,0.6203320,-0.2697597,0.7364903
-8.6950,-10.4302,-15.2641,0.6258571,-0.2567347,0.7364714
-8.7033,-10.4286,-15.2537,0.6273269,-0.2531495,0.7364620
-8.7117,-10.4273,-15.2433,0.6258723,-0.2567520,0.7364525
-8.7199,-10.4260,-15.2331,0.6321889,-0.2635951,0.7285978
-8.7281,-10.4247,-15.2230,0.6396953,-0.2713062,0.7191543
-8.7362,-10.4242,-15.2132,0.6483617,-0.3003278,0.6995930
-8.7445,-10.4238,-15.2033,0.6488705,-0.3355425,0.6829189
-8.7526,-10.4225,-15.1932,0.6587924,-0.3407571,0.6707288
-8.7605,-10.4208,-15.1832,0.6743411,-0.3344143,0.6583549
-8.7677,-10.4183,-15.1728,0.6896789,-0.3275501,0.6457971
-8.7750,-10.4158,-15.1624,0.7047845,-0.3201735,0.6330622
-8.7821,-10.4138,-15.1523,0.7227324,-0.3278841,0.6083994
-8.7893,-10.4118,-15.1423,0.7399729,-0.3352525,0.5831345
-8.7965,-10.4097,-15.1324,0.7564886,-0.3422720,0.5572925
-8.8037,-10.4077,-15.1224,0.7722627,-0.3489364,0.5308989
-8.8110,-10.4056,-15.1124,0.7872793,-0.3552400,0.5039800
-8.8182,-10.4035,-15.1025,0.8015232,-0.3611772,0.4765622
-8.8124,-10.3977,-15.1004,0.7986534,-0.3592569,0.4827912
-8.8020,-10.4009,-15.1151,0.7817663,-0.3502569,0.5159084
-8.7916,-10.4040,-15.1297,0.7637111,-0.3407981,0.5482718
-8.7807,-10.4066,-15.1441,0.7445112,-0.3308970,0.5798364
-8.7752,-10.4078,-15.1513,0.7344908,-0.3257864,0.5953037
-8.7698,-10.4091,-15.1586,0.7232761,-0.3226392,0.6105535
-8.7588,-10.4120,-15.1734,0.7082139,-0.3230018,0.6277762
-8.7477,-10.4148,-15.1883,0.6928570,-0.3229785,0.6446969
-8.7419,-10.4158,-15.1956,0.6868480,-0.3190373,0.6530352
-8.7360,-10.4166,-15.2029,0.6844430,-0.3069635,0.6612951
-8.7302,-10.4174,-15.2101,0.6793619,-0.2939377,0.6723601
-8.7244,-10.4181,-15.2174,0.6747868,-0.2814055,0.6822563
-8.7183,-10.4187,-15.2246,0.6713211,-0.2725651,0.6892287
-8.7122,-10.4195,-15.2318,0.6684256,-0.2688176,0.6935015
-8.7060,-10.4202,-15.2391,0.6654893,-0.2650830,0.6977499
-8.6998,-10.4210,-15.2465,0.6648513,-0.2622842,0.6994138
-8.6936,-10.4218,-15.2538,0.6638166,-0.2604666,0.7010739
-8.6875,-10.4226,-15.2612,0.6622051,-0.2601051,0.7027302
-8.6751,-10.4244,-15.2759,0.6589722,-0.2593748,0.7060314
-8.6688,-10.4251,-15.2832,0.6573519,-0.2590060,0.7076753
-8.6625,-10.4256,-15.2905,0.6568262,-0.2545803,0.7097663
-8.6499,-10.4267,-15.3050,0.6563451,-0.2416117,0.7147271
-8.6366,-10.4268,-15.3190,0.6555807,-0.2287146,0.7196552
-8.6300,-10.4270,-15.3260,0.6548406,-0.2230405,0.7221058
-8.6233,-10.4271,-15.3330,0.6544462,-0.2195913,0.7235190
-8.6100,-10.4275,-15.3471,0.6553281,-0.2132786,0.7246084
-8.5967,-10.4279,-15.3613,0.6561478,-0.2069676,0.7256959
-8.5833,-10.4283,-15.3754,0.6569053,-0.2006588,0.7267816
-8.5700,-10.4287,-15.3895,0.6576008,-0.1943528,0.7278655
-8.5562,-10.4284,-15.4032,0.6582342,-0.1880527,0.7289471
-8.5424,-10.4281,-15.4169,0.6588058,-0.1817566,0.7300270
-8.5285,-10.4276,-15.4304,0.6593160,-0.1754631,0.7311054
-8.5146,-10.4271,-15.4439,0.6597646,-0.1691748,0.7321820
-8.5007,-10.4266,-15.4575,0.6601518,-0.1628926,0.7332568
-8.4867,-10.4261,-15.4710,0.6604778,-0.1566169,0.7343298
-8.4727,-10.4254,-15.4844,0.6607426,-0.1503499,0.7354006
-8.4586,-10.4246,-15.4978,0.6609465,-0.1440907,0.7364697
-8.4443,-10.4235,-15.5108,0.6610897,-0.1378383,0.7375371
-8.4299,-10.4223,-15.5239,0.6611723,-0.1315950,0.7386027
-8.4156,-10.4212,-15.5370,0.6611944,-0.1253613,0.7396665
-8.4084,-10.4206,-15.5435,0.6611758,-0.1222862,0.7401977
-8.4013,-10.4200,-15.5500,0.6610924,-0.1194918,0.7407284
-8.3941,-10.4194,-15.5565,0.6606733,-0.1169052,0.7415146
-8.3870,-10.4189,-15.5630,0.6594335,-0.1141829,0.7430409
-8.3728,-10.4178,-15.5760,0.6568230,-0.1092663,0.7460861
-8.3581,-10.4160,-15.5886,0.6541471,-0.1044853,0.7491158
-8.3435,-10.4142,-15.6011,0.6514233,-0.0997414,0.7521299
-8.3289,-10.4125,-15.6136,0.6486521,-0.0950350,0.7551283
-8.3143,-10.4107,-15.6261,0.6458170,-0.0904882,0.7581110
-8.2997,-10.4089,-15.6386,0.6425172,-0.0862042,0.7614069
-8.2851,-10.4072,-15.6511,0.6391473,-0.0821610,0.7646831
-8.2702,-10.4050,-15.6632,0.6357368,-0.0781566,0.7679390
-8.2554,-10.4028,-15.6753,0.6322853,-0.0741905,0.7711751
-8.2404,-10.4004,-15.6873,0.6287924,-0.0702621,0.7743922
-8.2255,-10.3980,-15.6993,0.6252594,-0.0663729,0.7775894
-8.2105,-10.3956,-15.7113,0.6216867,-0.0625232,0.7807666
-8.1956,-10.3932,-15.7232,0.6180746,-0.0587135,0.7839238
-8.1805,-10.3906,-15.7350,0.6144245,-0.0549452,0.7870600
-8.1654,-10.3879,-15.7467,0.6107360,-0.0512176,0.7901761
-8.1502,-10.3849,-15.7582,0.6070086,-0.0475303,0.7932726
-8.1349,-10.3819,-15.7696,0.6032437,-0.0438846,0.7963487
-8.1196,-10.3789,-15.7811,0.5994415,-0.0402810,0.7994043
-8.1044,-10.3759,-15.7925,0.5956027,-0.0367197,0.8024394
-8.0891,-10.3728,-15.8038,0.5916250,-0.0331960,0.8055296
-8.0738,-10.3696,-15.8152,0.5875068,-0.0297113,0.8086736
-8.0583,-10.3659,-15.8260,0.5833510,-0.0262718,0.8117952
-8.0427,-10.3623,-15.8368,0.5791587,-0.0228784,0.8148937
-8.0272,-10.3586,-15.8477,0.5749304,-0.0195317,0.8179692
-8.0117,-10.3549,-15.8585,0.5706666,-0.0162318,0.8210214
-7.9960,-10.3510,-15.8691,0.5663683,-0.0129797,0.8240500
-7.9804,-10.3472,-15.8798,0.5620356,-0.0097752,0.8270553
-7.9647,-10.3431,-15.8902,0.5576676,-0.0066906,0.8300374
-7.9490,-10.3390,-15.9007,0.5532667,-0.0036971,0.8329959
-7.9333,-10.3349,-15.9111,0.5488342,-0.0007507,0.8359309
-7.9176,-10.3309,-15.9216,0.5443705,0.0021485,0.8388421
-7.9098,-10.3288,-15.9268,0.5421272,0.0035803,0.8402888
-7.9019,-10.3268,-15.9320,0.5396057,0.0049976,0.8419030
-7.8863,-10.3227,-15.9425,0.5339345,0.0077831,0.8454900
-7.8704,-10.3181,-15.9523,0.5282263,0.0105075,0.8490386
-7.8546,-10.3134,-15.9622,0.5224808,0.0131708,0.8525493
-7.8386,-10.3086,-15.9719,0.5166977,0.0157732,0.8560226
-7.8227,-10.3038,-15.9816,0.5108788,0.0183136,0.8594577
-7.8068,-10.2990,-15.9913,0.5050250,0.0207916,0.8628543
-7.7909,-10.2942,-16.0010,0.4991369,0.0232069,0.8662123
-7.7748,-10.2889,-16.0101,0.4932151,0.0255591,0.8695318
-7.7587,-10.2835,-16.0192,0.4872606,0.0278478,0.8728125
-7.7426,-10.2781,-16.0283,0.4812740,0.0300726,0.8760542
-7.7265,-10.2727,-16.0374,0.4752563,0.0322330,0.8792568
-7.7105,-10.2673,-16.0465,0.4691983,0.0343281,0.8824254
-7.6944,-10.2620,-16.0556,0.4631114,0.0362194,0.8855597
-7.6781,-10.2560,-16.0641,0.4569995,0.0380479,0.8886528
-7.6619,-10.2501,-16.0726,0.4508606,0.0398142,0.8917060
-7.6456,-10.2439,-16.0808,0.4446925,0.0415188,0.8947205
-7.6294,-10.2377,-16.0889,0.4384989,0.0431605,0.8976948
-7.6131,-10.2315,-16.0971,0.4322804,0.0447391,0.9006287
-7.5968,-10.2253,-16.1053,0.4260378,0.0462544,0.9035222
-7.5805,-10.2192,-16.1135,0.4197878,0.0475667,0.9063750
-7.5724,-10.2161,-16.1176,0.4161468,0.0476883,0.9080461
-7.5643,-10.2130,-16.1217,0.4122976,0.0477767,0.9097956
-7.5479,-10.2064,-16.1293,0.4045801,0.0479217,0.9132461
-7.5316,-10.1997,-16.1369,0.3968361,0.0480245,0.9166323
-7.5153,-10.1930,-16.1444,0.3890651,0.0480850,0.9199544
-7.4990,-10.1863,-16.1519,0.3812691,0.0481029,0.9232118
-7.4826,-10.1791,-16.1588,0.3734514,0.0480781,0.9264030
-7.4662,-10.1719,-16.1657,0.3656101,0.0480106,0.9295290
-7.4498,-10.1645,-16.1723,0.3577431,0.0479002,0.9325907
-7.4334,-10.1570,-16.1789,0.3498538,0.0477468,0.9355867
-7.4170,-10.1496,-16.1856,0.3419431,0.0475503,0.9385169
-7.4006,-10.1422,-16.1922,0.3340116,0.0473106,0.9413809
-7.3841,-10.1342,-16.1981,0.3260628,0.0470277,0.9441777
-7.3677,-10.1262,-16.2039,0.3180947,0.0467015,0.9469080
-7.3513,-10.1180,-16.2096,0.3101052,0.0463317,0.9495726
-7.3349,-10.1099,-16.2152,0.3020979,0.0459185,0.9521703
-7.3184,-10.1017,-16.2209,0.2940734,0.0454616,0.9547010
-7.3020,-10.0936,-16.2265,0.2863001,0.0432248,0.9571645
-7.2856,-10.0849,-16.2314,0.2784954,0.0410408,0.9595603
-7.2692,-10.0762,-16.2362,0.2706594,0.0389096,0.9618885
-7.2528,-10.0675,-16.2410,0.2627919,0.0368314,0.9641493
-7.2364,-10.0588,-16.2458,0.2548947,0.0348068,0.9663422
-7.2201,-10.0501,-16.2506,0.2471987,0.0310654,0.9684667
-7.2037,-10.0414,-16.2553,0.2395416,0.0265481,0.9705231
-7.1874,-10.0320,-16.2591,0.2317891,0.0222597,0.9725113
-7.1711,-10.0226,-16.2628,0.2240510,0.0186922,0.9743981
-7.1548,-10.0133,-16.2666,0.2162067,0.0158655,0.9762187
-7.1385,-10.0039,-16.2704,0.2083143,0.0131963,0.9779729
-7.1223,-9.9943,-16.2739,0.2004595,0.0090674,0.9796600
-7.1061,-9.9848,-16.2774,0.1925278,0.0046349,0.9812806
-7.0900,-9.9748,-16.2801,0.1844857,0.0005403,0.9828350
-7.0738,-9.9648,-16.2829,0.1774017,-0.0030693,0.9841337
-7.0577,-9.9548,-16.2857,0.1702408,-0.0063918,0.9853818
-7.0416,-9.9448,-16.2884,0.1629912,-0.0097843,0.9865790
-7.0255,-9.9346,-16.2907,0.1554271,-0.0155510,0.9877250
-7.0095,-9.9244,-16.2930,0.1476653,-0.0207317,0.9888201
-6.9936,-9.9138,-16.2948,0.1407273,-0.0254829,0.9897204
-6.9777,-9.9033,-16.2966,0.1347952,-0.0293831,0.9904377
-6.9617,-9.8927,-16.2983,0.1287663,-0.0328949,0.9911292
-6.9458,-9.8822,-16.3001,0.1215934,-0.0394699,0.9917949
-6.9380,-9.8768,-16.3007,0.1176226,-0.0432074,0.9921180
-6.9301,-9.8714,-16.3013,0.1135463,-0.0467003,0.9924345
-6.9144,-9.8606,-16.3024,0.1055901,-0.0531754,0.9929870
-6.8988,-9.8496,-16.3033,0.0988663,-0.0596504,0.9933113
-6.8831,-9.8386,-16.3041,0.0921070,-0.0656483,0.9935827
-6.8676,-9.8274,-16.3046,0.0856174,-0.0714668,0.9937616
-6.8520,-9.8162,-16.3051,0.0795540,-0.0774334,0.9938185
-6.8365,-9.8048,-16.3053,0.0762119,-0.0817827,0.9937320
-6.8209,-9.7934,-16.3054,0.0749732,-0.0849188,0.9935632
-6.8053,-9.7819,-16.3056,0.0739846,-0.0883494,0.9933381
-6.7896,-9.7705,-16.3058,0.0730184,-0.0919760,0.9930804
-6.7743,-9.7592,-16.3058,0.0668107,-0.0996695,0.9927751
-6.7589,-9.7478,-16.3058,0.0585800,-0.1092039,0.9922917
-6.7514,-9.7420,-16.3054,0.0542202,-0.1137547,0.9920282
-6.7439,-9.7362,-16.3051,0.0497988,-0.1180319,0.9917603
-6.7287,-9.7244,-16.3043,0.0460401,-0.1240181,0.9912113
-6.7135,-9.7126,-16.3036,0.0444145,-0.1290371,0.9906446
-6.6983,-9.7007,-16.3028,0.0425732,-0.1340449,0.9900603
-6.6832,-9.6888,-16.3018,0.0385393,-0.1397973,0.9894299
-6.6682,-9.6769,-16.3008,0.0341229,-0.1454289,0.9887801
-6.6533,-9.6648,-16.2993,0.0306002,-0.1506667,0.9881109
-6.6383,-9.6527,-16.2979,0.0276839,-0.1556614,0.9874225
-6.6234,-9.6406,-16.2965,0.0245012,-0.1606039,0.9867148
-6.6085,-9.6285,-16.2951,0.0210497,-0.1654837,0.9859879
-6.5939,-9.6162,-16.2932,0.0173710,-0.1702840,0.9852419
-6.5792,-9.6039,-16.2913,0.0134661,-0.1749978,0.9844767
-6.5719,-9.5977,-16.2902,0.0121782,-0.1772702,0.9840869
-6.5646,-9.5915,-16.2891,0.0113402,-0.1795022,0.9836922
-6.5573,-9.5853,-16.2880,0.0110718,-0.1816942,0.9832927
-6.5499,-9.5790,-16.2869,0.0112442,-0.1838580,0.9828885
-6.5352,-9.5666,-16.2847,0.0124211,-0.1881298,0.9820656
-6.5205,-9.5542,-16.2826,0.0136395,-0.1923907,0.9812236
-6.5058,-9.5418,-16.2804,0.0148992,-0.1966404,0.9803625
-6.4911,-9.5293,-16.2782,0.0160452,-0.2008908,0.9794822
-6.4838,-9.5231,-16.2771,0.0156350,-0.2030915,0.9790349
-6.4765,-9.5169,-16.2761,0.0145361,-0.2053393,0.9785829
-6.4619,-9.5045,-16.2739,0.0110298,-0.2098822,0.9776645
-6.4415,-9.4862,-16.2697,0.0056962,-0.2163118,0.9763077
-6.4312,-9.4770,-16.2676,0.0054174,-0.2194241,0.9756145
-6.4209,-9.4679,-16.2655,0.0063592,-0.2225021,0.9749115
-6.4002,-9.4496,-16.2613,0.0087234,-0.2286237,0.9734758
-6.3795,-9.4313,-16.2571,0.0112217,-0.2347099,0.9720007
-6.3588,-9.4130,-16.2530,0.0138375,-0.2407591,0.9704863
-6.3382,-9.3947,-16.2488,0.0165702,-0.2467693,0.9689326
-6.3175,-9.3764,-16.2446,0.0194193,-0.2527387,0.9673397
-6.2968,-9.3581,-16.2404,0.0223840,-0.2586653,0.9657076
-6.2758,-9.3395,-16.2362,0.0255032,-0.2646210,0.9640152
-6.2563,-9.3218,-16.2317,0.0285585,-0.2702053,0.9623791
-6.2465,-9.3130,-16.2294,0.0301252,-0.2729809,0.9615477
-6.2368,-9.3041,-16.2271,0.0319138,-0.2757226,0.9607073
-6.2172,-9.2864,-16.2226,0.0355800,-0.2811639,0.9590000
-6.1977,-9.2687,-16.2181,0.0393642,-0.2865473,0.9572571
-6.1781,-9.2510,-16.2136,0.0432653,-0.2918708,0.9554787
-6.1586,-9.2333,-16.2090,0.0472824,-0.2971323,0.9536649
-6.1390,-9.2156,-16.2045,0.0515140,-0.3023127,0.9518158
-6.1194,-9.1978,-16.2000,0.0558801,-0.3074210,0.9499314
-6.0978,-9.1782,-16.1950,0.0608458,-0.3129885,0.9478059
-6.0761,-9.1586,-16.1901,0.0659963,-0.3184564,0.9456374
-6.0544,-9.1390,-16.1851,0.0715229,-0.3238212,0.9434110
-6.0327,-9.1194,-16.1801,0.0773904,-0.3294333,0.9410018
-6.0110,-9.0999,-16.1752,0.0835787,-0.3352571,0.9384121
-5.9893,-9.0803,-16.1702,0.0900004,-0.3409384,0.9357676
-5.9785,-9.0705,-16.1677,0.0933539,-0.3437072,0.9344252
-5.9676,-9.0607,-16.1652,0.0969744,-0.3463777,0.9330694
-5.9458,-9.0410,-16.1603,0.1054018,-0.3512828,0.9303176
-5.9247,-9.0226,-16.1562,0.1136304,-0.3557588,0.9276442
-5.9036,-9.0041,-16.1521,0.1223370,-0.3609002,0.9245457
-5.8825,-8.9856,-16.1480,0.1312820,-0.3659045,0.9213463
-5.8614,-8.9671,-16.1439,0.1404316,-0.3706780,0.9180832
-5.8508,-8.9579,-16.1418,0.1450812,-0.3729764,0.9164279
-5.8403,-8.9486,-16.1398,0.1492211,-0.3754374,0.9147567
-5.8192,-8.9301,-16.1357,0.1567743,-0.3805680,0.9113670
-5.7982,-8.9117,-16.1316,0.1644667,-0.3855416,0.9079143
-5.7771,-8.8932,-16.1275,0.1722951,-0.3903549,0.9043989
-5.7560,-8.8747,-16.1235,0.1802561,-0.3950053,0.9008210
-5.7336,-8.8558,-16.1202,0.1886578,-0.3996576,0.8970407
-5.7113,-8.8370,-16.1169,0.1971948,-0.4041280,0.8931936
-5.7001,-8.8276,-16.1153,0.2015129,-0.4062940,0.8912450
-5.6889,-8.8181,-16.1137,0.2060118,-0.4087080,0.8891102
-5.6777,-8.8087,-16.1121,0.2106399,-0.4112556,0.8868482
-5.6665,-8.7993,-16.1105,0.2147882,-0.4140185,0.8845647
-5.6441,-8.7805,-16.1072,0.2231721,-0.4194173,0.8799337
-5.6217,-8.7617,-16.1040,0.2316695,-0.4246452,0.8752175
-5.5993,-8.7428,-16.1008,0.2402770,-0.4296997,0.8704166
-5.5769,-8.7240,-16.0975,0.2503138,-0.4338181,0.8655315
-5.5545,-8.7060,-16.0954,0.2602384,-0.4376122,0.8606809
-5.5433,-8.6970,-16.0944,0.2651821,-0.4394622,0.8582257
-5.5322,-8.6880,-16.0933,0.2692151,-0.4418300,0.8557508
-5.5099,-8.6700,-16.0912,0.2761884,-0.4471671,0.8507418
-5.4876,-8.6520,-16.0891,0.2832101,-0.4523946,0.8456543
-5.4653,-8.6341,-16.0870,0.2902787,-0.4575117,0.8404888
-5.4430,-8.6161,-16.0849,0.2973923,-0.4625176,0.8352457
-5.4318,-8.6071,-16.0839,0.3016178,-0.4645556,0.8325952
-5.4206,-8.5981,-16.0828,0.3068447,-0.4659076,0.8299256
-5.4093,-8.5893,-16.0823,0.3122285,-0.4670694,0.8272603
-5.3979,-8.5806,-16.0818,0.3191046,-0.4683713,0.8238935
-5.3754,-8.5633,-16.0808,0.3261307,-0.4747945,0.8174405
-5.3529,-8.5459,-16.0798,0.3331007,-0.4810126,0.8109690
-5.3303,-8.5286,-16.0788,0.3399536,-0.4869424,0.8045612
-5.3078,-8.5112,-16.0777,0.3466780,-0.4925734,0.7982392
-5.2853,-8.4939,-16.0767,0.3533569,-0.4980291,0.7919002
-5.2627,-8.4765,-16.0757,0.3613074,-0.5024804,0.7854747
-5.2399,-8.4596,-16.0757,0.3692599,-0.5067812,0.7789865
-5.2171,-8.4428,-16.0757,0.3751927,-0.5124522,0.7724139
-5.1943,-8.4259,-16.0757,0.3811127,-0.5180432,0.7657574
-5.1715,-8.4091,-16.0757,0.3870187,-0.5235535,0.7590179
-5.1487,-8.3922,-16.0757,0.3929098,-0.5289829,0.7521961
-5.1259,-8.3754,-16.0757,0.3987851,-0.5343306,0.7452927
-5.1031,-8.3585,-16.0757,0.4046435,-0.5395963,0.7383085
-5.0819,-8.3435,-16.0765,0.4100059,-0.5443577,0.7318264
-5.0607,-8.3284,-16.0773,0.4146886,-0.5495508,0.7252774
-5.0395,-8.3133,-16.0781,0.4193429,-0.5546858,0.7186621
-5.0183,-8.2982,-16.0789,0.4239684,-0.5597622,0.7119811
-4.9972,-8.2832,-16.0797,0.4285645,-0.5647796,0.7052351
-4.9758,-8.2683,-16.0810,0.4331309,-0.5697380,0.6984241
-4.9545,-8.2534,-16.0822,0.4373680,-0.5748641,0.6915494
-4.9332,-8.2386,-16.0835,0.4415690,-0.5799346,0.6846114
-4.9119,-8.2237,-16.0847,0.4457335,-0.5849490,0.6776108
-4.8906,-8.2088,-16.0860,0.4498610,-0.5899069,0.6705483
-4.8674,-8.1930,-16.0878,0.4538791,-0.5946743,0.6635935
-4.8441,-8.1771,-16.0896,0.4575533,-0.5990269,0.6571238
-4.8209,-8.1612,-16.0914,0.4609844,-0.6030546,0.6510134
-4.7977,-8.1452,-16.0932,0.4643885,-0.6070405,0.6448606
-4.7745,-8.1293,-16.0950,0.4677653,-0.6109843,0.6386656
-4.7512,-8.1134,-16.0969,0.4711146,-0.6148858,0.6324290
