2.578570573561218282e+01,-1.623823677553455127e+02,5.072161337666373271e+01,4.717792504149831978e-01,-3.752621768735013852e-01,6.797623542067693370e-01,4.175866806720575086e-01
2.569675984137878544e+01,-1.623414968090736750e+02,5.074206316027787267e+01,4.717792504149831978e-01,-3.752621768735013852e-01,6.797623542067693370e-01,4.175866806720575086e-01
2.560781394714538806e+01,-1.623006258628018372e+02,5.076251294389201263e+01,4.717792504149831978e-01,-3.752621768735013852e-01,6.797623542067693370e-01,4.175866806720575086e-01
2.551886805291199067e+01,-1.622597549165299995e+02,5.078296272750615259e+01,4.717792504149831978e-01,-3.752621768735013852e-01,6.797623542067693370e-01,4.175866806720575086e-01
2.542992215867859329e+01,-1.622188839702581618e+02,5.080341251112029255e+01,4.717792504149831978e-01,-3.752621768735013852e-01,6.797623542067693370e-01,4.175866806720575086e-01
2.534097626444519591e+01,-1.621780130239863240e+02,5.082386229473443251e+01,4.717792504149831978e-01,-3.752621768735013852e-01,6.797623542067693370e-01,4.175866806720575086e-01
2.525203037021179853e+01,-1.621371420777144863e+02,5.084431207834857247e+01,4.717792504149831978e-01,-3.752621768735013852e-01,6.797623542067693370e-01,4.175866806720575086e-01
2.516308447597840114e+01,-1.620962711314426485e+02,5.086476186196271243e+01,4.717792504149831978e-01,-3.752621768735013852e-01,6.797623542067693370e-01,4.175866806720575086e-01
2.507413858174500376e+01,-1.620554001851708108e+02,5.088521164557685239e+01,4.717792504149831978e-01,-3.752621768735013852e-01,6.797623542067693370e-01,4.175866806720575086e-01
2.498519268751160638e+01,-1.620145292388989731e+02,5.090566142919099235e+01,4.717792504149831978e-01,-3.752621768735013852e-01,6.797623542067693370e-01,4.175866806720575086e-01
2.489624679327820900e+01,-1.619736582926271353e+02,5.092611121280513231e+01,4.717792504149831978e-01,-3.752621768735013852e-01,6.797623542067693370e-01,4.175866806720575086e-01
2.480730089904481162e+01,-1.619327873463552976e+02,5.094656099641927227e+01,4.717792504149831978e-01,-3.752621768735013852e-01,6.797623542067693370e-01,4.175866806720575086e-01
2.471835500481141423e+01,-1.618919164000834598e+02,5.096701078003341223e+01,4.717792504149831978e-01,-3.752621768735013852e-01,6.797623542067693370e-01,4.175866806720575086e-01
2.462940911057801685e+01,-1.618510454538116221e+02,5.098746056364755219e+01,4.717792504149831978e-01,-3.752621768735013852e-01,6.797623542067693370e-01,4.175866806720575086e-01
2.454046321634461947e+01,-1.618101745075397844e+02,5.100791034726169215e+01,4.717792504149831978e-01,-3.752621768735013852e-01,6.797623542067693370e-01,4.175866806720575086e-01
2.445151732211122209e+01,-1.617693035612679466e+02,5.102836013087583211e+01,4.717792504149831978e-01,-3.752621768735013852e-01,6.797623542067693370e-01,4.175866806720575086e-01
2.436257142787782470e+01,-1.617284326149961089e+02,5.104880991448997207e+01,4.717792504149831978e-01,-3.752621768735013852e-01,6.797623542067693370e-01,4.175866806720575086e-01
2.427362553364442732e+01,-1.616875616687242712e+02,5.106925969810411203e+01,4.717792504149831978e-01,-3.752621768735013852e-01,6.797623542067693370e-01,4.175866806720575086e-01
2.418467963941102994e+01,-1.616466907224524334e+02,5.108970948171825199e+01,4.717792504149831978e-01,-3.752621768735013852e-01,6.797623542067693370e-01,4.175866806720575086e-01
2.409573374517763256e+01,-1.616058197761805957e+02,5.111015926533239195e+01,4.717792504149831978e-01,-3.752621768735013852e-01,6.797623542067693370e-01,4.175866806720575086e-01
2.400678785094423517e+01,-1.615649488299087579e+02,5.113060904894653191e+01,4.717792504149831978e-01,-3.752621768735013852e-01,6.797623542067693370e-01,4.175866806720575086e-01
2.391784195671083779e+01,-1.615240778836369202e+02,5.115105883256067187e+01,4.717792504149831978e-01,-3.752621768735013852e-01,6.797623542067693370e-01,4.175866806720575086e-01
2.382889606247744041e+01,-1.614832069373650825e+02,5.117150861617481183e+01,4.717792504149831978e-01,-3.752621768735013852e-01,6.797623542067693370e-01,4.175866806720575086e-01
2.373995016824404303e+01,-1.614423359910932447e+02,5.119195839978895179e+01,4.717792504149831978e-01,-3.752621768735013852e-01,6.797623542067693370e-01,4.175866806720575086e-01
2.365100427401064564e+01,-1.614014650448214070e+02,5.121240818340309175e+01,4.717792504149831978e-01,-3.752621768735013852e-01,6.797623542067693370e-01,4.175866806720575086e-01
2.356205837977724826e+01,-1.613605940985495693e+02,5.123285796701723172e+01,4.717792504149831978e-01,-3.752621768735013852e-01,6.797623542067693370e-01,4.175866806720575086e-01
2.347311248554385088e+01,-1.613197231522777315e+02,5.125330775063137168e+01,4.717792504149831978e-01,-3.752621768735013852e-01,6.797623542067693370e-01,4.175866806720575086e-01
2.338416659131045350e+01,-1.612788522060058938e+02,5.127375753424551164e+01,4.717792504149831978e-01,-3.752621768735013852e-01,6.797623542067693370e-01,4.175866806720575086e-01
2.329522069707705612e+01,-1.612379812597340560e+02,5.129420731785965160e+01,4.717792504149831978e-01,-3.752621768735013852e-01,6.797623542067693370e-01,4.175866806720575086e-01
2.320627480284365873e+01,-1.611971103134622183e+02,5.131465710147379156e+01,4.717792504149831978e-01,-3.752621768735013852e-01,6.797623542067693370e-01,4.175866806720575086e-01
2.311732890861026135e+01,-1.611562393671903806e+02,5.133510688508793152e+01,4.717792504149831978e-01,-3.752621768735013852e-01,6.797623542067693370e-01,4.175866806720575086e-01
2.302838301437686397e+01,-1.611153684209185428e+02,5.135555666870207148e+01,4.717792504149831978e-01,-3.752621768735013852e-01,6.797623542067693370e-01,4.175866806720575086e-01
2.293943712014346659e+01,-1.610744974746467051e+02,5.137600645231621144e+01,4.717792504149831978e-01,-3.752621768735013852e-01,6.797623542067693370e-01,4.175866806720575086e-01
2.285049122591006920e+01,-1.610336265283748673e+02,5.139645623593035140e+01,4.717792504149831978e-01,-3.752621768735013852e-01,6.797623542067693370e-01,4.175866806720575086e-01
2.276154533167667182e+01,-1.609927555821030296e+02,5.141690601954449136e+01,4.717792504149831978e-01,-3.752621768735013852e-01,6.797623542067693370e-01,4.175866806720575086e-01
2.267259943744327444e+01,-1.609518846358311919e+02,5.143735580315863132e+01,4.717792504149831978e-01,-3.752621768735013852e-01,6.797623542067693370e-01,4.175866806720575086e-01
2.258365354320987706e+01,-1.609110136895593541e+02,5.145780558677277128e+01,4.717792504149831978e-01,-3.752621768735013852e-01,6.797623542067693370e-01,4.175866806720575086e-01
2.249470764897647967e+01,-1.608701427432875164e+02,5.147825537038691124e+01,4.717792504149831978e-01,-3.752621768735013852e-01,6.797623542067693370e-01,4.175866806720575086e-01
2.240576175474308229e+01,-1.608292717970156787e+02,5.149870515400105120e+01,4.717792504149831978e-01,-3.752621768735013852e-01,6.797623542067693370e-01,4.175866806720575086e-01
2.231681586050968491e+01,-1.607884008507438409e+02,5.151915493761519116e+01,4.717792504149831978e-01,-3.752621768735013852e-01,6.797623542067693370e-01,4.175866806720575086e-01
2.222786996627628753e+01,-1.607475299044720032e+02,5.153960472122933112e+01,4.717792504149831978e-01,-3.752621768735013852e-01,6.797623542067693370e-01,4.175866806720575086e-01
2.213892407204289015e+01,-1.607066589582001654e+02,5.156005450484347108e+01,4.717792504149831978e-01,-3.752621768735013852e-01,6.797623542067693370e-01,4.175866806720575086e-01
2.204997817780949276e+01,-1.606657880119283277e+02,5.158050428845761104e+01,4.717792504149831978e-01,-3.752621768735013852e-01,6.797623542067693370e-01,4.175866806720575086e-01
2.196103228357609538e+01,-1.606249170656564900e+02,5.160095407207175100e+01,4.717792504149831978e-01,-3.752621768735013852e-01,6.797623542067693370e-01,4.175866806720575086e-01
2.187208638934269800e+01,-1.605840461193846522e+02,5.162140385568589096e+01,4.717792504149831978e-01,-3.752621768735013852e-01,6.797623542067693370e-01,4.175866806720575086e-01
2.178314049510930062e+01,-1.605431751731128145e+02,5.164185363930003092e+01,4.717792504149831978e-01,-3.752621768735013852e-01,6.797623542067693370e-01,4.175866806720575086e-01
2.169419460087590323e+01,-1.605023042268409768e+02,5.166230342291417088e+01,4.717792504149831978e-01,-3.752621768735013852e-01,6.797623542067693370e-01,4.175866806720575086e-01
2.160524870664250585e+01,-1.604614332805691390e+02,5.168275320652831084e+01,4.717792504149831978e-01,-3.752621768735013852e-01,6.797623542067693370e-01,4.175866806720575086e-01
2.151630281240910847e+01,-1.604205623342973013e+02,5.170320299014245080e+01,4.717792504149831978e-01,-3.752621768735013852e-01,6.797623542067693370e-01,4.175866806720575086e-01
2.142735691817571109e+01,-1.603796913880254635e+02,5.172365277375659076e+01,4.717792504149831978e-01,-3.752621768735013852e-01,6.797623542067693370e-01,4.175866806720575086e-01
2.133841102394231370e+01,-1.603388204417536258e+02,5.174410255737073072e+01,4.717792504149831978e-01,-3.752621768735013852e-01,6.797623542067693370e-01,4.175866806720575086e-01
2.124946512970891632e+01,-1.602979494954817881e+02,5.176455234098487068e+01,4.717792504149831978e-01,-3.752621768735013852e-01,6.797623542067693370e-01,4.175866806720575086e-01
2.116051923547551894e+01,-1.602570785492099503e+02,5.178500212459901064e+01,4.717792504149831978e-01,-3.752621768735013852e-01,6.797623542067693370e-01,4.175866806720575086e-01
2.107157334124212156e+01,-1.602162076029381126e+02,5.180545190821315060e+01,4.717792504149831978e-01,-3.752621768735013852e-01,6.797623542067693370e-01,4.175866806720575086e-01
2.098262744700872418e+01,-1.601753366566662748e+02,5.182590169182729056e+01,4.717792504149831978e-01,-3.752621768735013852e-01,6.797623542067693370e-01,4.175866806720575086e-01
2.089368155277532679e+01,-1.601344657103944371e+02,5.184635147544143052e+01,4.717792504149831978e-01,-3.752621768735013852e-01,6.797623542067693370e-01,4.175866806720575086e-01
2.080473565854192941e+01,-1.600935947641225994e+02,5.186680125905557048e+01,4.717792504149831978e-01,-3.752621768735013852e-01,6.797623542067693370e-01,4.175866806720575086e-01
2.071578976430853203e+01,-1.600527238178507616e+02,5.188725104266971044e+01,4.717792504149831978e-01,-3.752621768735013852e-01,6.797623542067693370e-01,4.175866806720575086e-01
2.062684387007513465e+01,-1.600118528715789239e+02,5.190770082628385040e+01,4.717792504149831978e-01,-3.752621768735013852e-01,6.797623542067693370e-01,4.175866806720575086e-01
2.053789797584173726e+01,-1.599709819253070862e+02,5.192815060989799036e+01,4.717792504149831978e-01,-3.752621768735013852e-01,6.797623542067693370e-01,4.175866806720575086e-01
2.044895208160833988e+01,-1.599301109790352484e+02,5.194860039351213032e+01,4.717792504149831978e-01,-3.752621768735013852e-01,6.797623542067693370e-01,4.175866806720575086e-01
2.036000618737494250e+01,-1.598892400327634107e+02,5.196905017712627028e+01,4.717792504149831978e-01,-3.752621768735013852e-01,6.797623542067693370e-01,4.175866806720575086e-01
2.027106029314154512e+01,-1.598483690864915729e+02,5.198949996074041024e+01,4.717792504149831978e-01,-3.752621768735013852e-01,6.797623542067693370e-01,4.175866806720575086e-01
2.018211439890814773e+01,-1.598074981402197352e+02,5.200994974435455021e+01,4.717792504149831978e-01,-3.752621768735013852e-01,6.797623542067693370e-01,4.175866806720575086e-01
2.009316850467475035e+01,-1.597666271939478975e+02,5.203039952796869017e+01,4.717792504149831978e-01,-3.752621768735013852e-01,6.797623542067693370e-01,4.175866806720575086e-01
2.000422261044135297e+01,-1.597257562476760597e+02,5.205084931158283013e+01,4.717792504149831978e-01,-3.752621768735013852e-01,6.797623542067693370e-01,4.175866806720575086e-01
1.991527671620795559e+01,-1.596848853014042220e+02,5.207129909519697009e+01,4.717792504149831978e-01,-3.752621768735013852e-01,6.797623542067693370e-01,4.175866806720575086e-01
1.982633082197455821e+01,-1.596440143551323843e+02,5.209174887881111005e+01,4.717792504149831978e-01,-3.752621768735013852e-01,6.797623542067693370e-01,4.175866806720575086e-01
1.973738492774116082e+01,-1.596031434088605465e+02,5.211219866242525001e+01,4.717792504149831978e-01,-3.752621768735013852e-01,6.797623542067693370e-01,4.175866806720575086e-01
1.964843903350776344e+01,-1.595622724625887088e+02,5.213264844603938997e+01,4.717792504149831978e-01,-3.752621768735013852e-01,6.797623542067693370e-01,4.175866806720575086e-01
1.955949313927436606e+01,-1.595214015163168710e+02,5.215309822965352993e+01,4.717792504149831978e-01,-3.752621768735013852e-01,6.797623542067693370e-01,4.175866806720575086e-01
1.947054724504096868e+01,-1.594805305700450333e+02,5.217354801326766989e+01,4.717792504149831978e-01,-3.752621768735013852e-01,6.797623542067693370e-01,4.175866806720575086e-01
1.938160135080757129e+01,-1.594396596237731956e+02,5.219399779688180985e+01,4.717792504149831978e-01,-3.752621768735013852e-01,6.797623542067693370e-01,4.175866806720575086e-01
1.929265545657417391e+01,-1.593987886775013578e+02,5.221444758049594981e+01,4.717792504149831978e-01,-3.752621768735013852e-01,6.797623542067693370e-01,4.175866806720575086e-01
1.920370956234077653e+01,-1.593579177312295201e+02,5.223489736411008977e+01,4.717792504149831978e-01,-3.752621768735013852e-01,6.797623542067693370e-01,4.175866806720575086e-01
1.911476366810737915e+01,-1.593170467849576823e+02,5.225534714772422973e+01,4.717792504149831978e-01,-3.752621768735013852e-01,6.797623542067693370e-01,4.175866806720575086e-01
1.902581777387398176e+01,-1.592761758386858446e+02,5.227579693133836969e+01,4.717792504149831978e-01,-3.752621768735013852e-01,6.797623542067693370e-01,4.175866806720575086e-01
1.893687187964058438e+01,-1.592353048924140069e+02,5.229624671495250965e+01,4.717792504149831978e-01,-3.752621768735013852e-01,6.797623542067693370e-01,4.175866806720575086e-01
1.884792598540718700e+01,-1.591944339461421691e+02,5.231669649856664961e+01,4.717792504149831978e-01,-3.752621768735013852e-01,6.797623542067693370e-01,4.175866806720575086e-01
1.875898009117378962e+01,-1.591535629998703314e+02,5.233714628218078957e+01,4.717792504149831978e-01,-3.752621768735013852e-01,6.797623542067693370e-01,4.175866806720575086e-01
1.867003419694039223e+01,-1.591126920535984937e+02,5.235759606579492953e+01,4.717792504149831978e-01,-3.752621768735013852e-01,6.797623542067693370e-01,4.175866806720575086e-01
1.858108830270699485e+01,-1.590718211073266559e+02,5.237804584940906949e+01,4.717792504149831978e-01,-3.752621768735013852e-01,6.797623542067693370e-01,4.175866806720575086e-01
1.849214240847359747e+01,-1.590309501610548182e+02,5.239849563302320945e+01,4.717792504149831978e-01,-3.752621768735013852e-01,6.797623542067693370e-01,4.175866806720575086e-01
1.840319651424020009e+01,-1.589900792147829804e+02,5.241894541663734941e+01,4.717792504149831978e-01,-3.752621768735013852e-01,6.797623542067693370e-01,4.175866806720575086e-01
1.831425062000680271e+01,-1.589492082685111427e+02,5.243939520025148937e+01,4.717792504149831978e-01,-3.752621768735013852e-01,6.797623542067693370e-01,4.175866806720575086e-01
1.822530472577340532e+01,-1.589083373222393050e+02,5.245984498386562933e+01,4.717792504149831978e-01,-3.752621768735013852e-01,6.797623542067693370e-01,4.175866806720575086e-01
1.813635883154000794e+01,-1.588674663759674672e+02,5.248029476747976929e+01,4.717792504149831978e-01,-3.752621768735013852e-01,6.797623542067693370e-01,4.175866806720575086e-01
1.804741293730661056e+01,-1.588265954296956295e+02,5.250074455109390925e+01,4.717792504149831978e-01,-3.752621768735013852e-01,6.797623542067693370e-01,4.175866806720575086e-01
1.795846704307321318e+01,-1.587857244834237918e+02,5.252119433470804921e+01,4.717792504149831978e-01,-3.752621768735013852e-01,6.797623542067693370e-01,4.175866806720575086e-01
1.786952114883981579e+01,-1.587448535371519540e+02,5.254164411832218917e+01,4.717792504149831978e-01,-3.752621768735013852e-01,6.797623542067693370e-01,4.175866806720575086e-01
1.778057525460641841e+01,-1.587039825908801163e+02,5.256209390193632913e+01,4.717792504149831978e-01,-3.752621768735013852e-01,6.797623542067693370e-01,4.175866806720575086e-01
1.769162936037302103e+01,-1.586631116446082785e+02,5.258254368555046909e+01,4.717792504149831978e-01,-3.752621768735013852e-01,6.797623542067693370e-01,4.175866806720575086e-01
1.760268346613962365e+01,-1.586222406983364408e+02,5.260299346916460905e+01,4.717792504149831978e-01,-3.752621768735013852e-01,6.797623542067693370e-01,4.175866806720575086e-01
1.751373757190622626e+01,-1.585813697520646031e+02,5.262344325277874901e+01,4.717792504149831978e-01,-3.752621768735013852e-01,6.797623542067693370e-01,4.175866806720575086e-01
1.742479167767282888e+01,-1.585404988057927653e+02,5.264389303639288897e+01,4.717792504149831978e-01,-3.752621768735013852e-01,6.797623542067693370e-01,4.175866806720575086e-01
1.733584578343943150e+01,-1.584996278595209276e+02,5.266434282000702893e+01,4.717792504149831978e-01,-3.752621768735013852e-01,6.797623542067693370e-01,4.175866806720575086e-01
1.724689988920603412e+01,-1.584587569132490898e+02,5.268479260362116889e+01,4.717792504149831978e-01,-3.752621768735013852e-01,6.797623542067693370e-01,4.175866806720575086e-01
1.715795399497263674e+01,-1.584178859669772521e+02,5.270524238723530885e+01,4.717792504149831978e-01,-3.752621768735013852e-01,6.797623542067693370e-01,4.175866806720575086e-01
1.706900810073923935e+01,-1.583770150207054144e+02,5.272569217084944881e+01,4.717792504149831978e-01,-3.752621768735013852e-01,6.797623542067693370e-01,4.175866806720575086e-01
1.698006220650584197e+01,-1.583361440744335766e+02,5.274614195446358877e+01,4.717792504149831978e-01,-3.752621768735013852e-01,6.797623542067693370e-01,4.175866806720575086e-01
1.689111631227244459e+01,-1.582952731281617389e+02,5.276659173807772873e+01,4.717792504149831978e-01,-3.752621768735013852e-01,6.797623542067693370e-01,4.175866806720575086e-01
1.680217041803904721e+01,-1.582544021818899012e+02,5.278704152169186870e+01,4.717792504149831978e-01,-3.752621768735013852e-01,6.797623542067693370e-01,4.175866806720575086e-01
1.671322452380564982e+01,-1.582135312356180634e+02,5.280749130530600866e+01,4.717792504149831978e-01,-3.752621768735013852e-01,6.797623542067693370e-01,4.175866806720575086e-01
1.662427862957225244e+01,-1.581726602893462257e+02,5.282794108892014862e+01,4.717792504149831978e-01,-3.752621768735013852e-01,6.797623542067693370e-01,4.175866806720575086e-01
1.653533273533885506e+01,-1.581317893430743879e+02,5.284839087253428858e+01,4.717792504149831978e-01,-3.752621768735013852e-01,6.797623542067693370e-01,4.175866806720575086e-01
1.644638684110545768e+01,-1.580909183968025502e+02,5.286884065614842854e+01,4.717792504149831978e-01,-3.752621768735013852e-01,6.797623542067693370e-01,4.175866806720575086e-01
1.635744094687206029e+01,-1.580500474505307125e+02,5.288929043976256850e+01,4.717792504149831978e-01,-3.752621768735013852e-01,6.797623542067693370e-01,4.175866806720575086e-01
1.626849505263866291e+01,-1.580091765042588747e+02,5.290974022337670846e+01,4.717792504149831978e-01,-3.752621768735013852e-01,6.797623542067693370e-01,4.175866806720575086e-01
1.617954915840526553e+01,-1.579683055579870370e+02,5.293019000699084842e+01,4.717792504149831978e-01,-3.752621768735013852e-01,6.797623542067693370e-01,4.175866806720575086e-01
1.609060326417186815e+01,-1.579274346117151993e+02,5.295063979060498838e+01,4.717792504149831978e-01,-3.752621768735013852e-01,6.797623542067693370e-01,4.175866806720575086e-01
1.600165736993847077e+01,-1.578865636654433615e+02,5.297108957421912834e+01,4.717792504149831978e-01,-3.752621768735013852e-01,6.797623542067693370e-01,4.175866806720575086e-01
1.591271147570507338e+01,-1.578456927191715238e+02,5.299153935783326830e+01,4.717792504149831978e-01,-3.752621768735013852e-01,6.797623542067693370e-01,4.175866806720575086e-01
1.582376558147167600e+01,-1.578048217728996860e+02,5.301198914144740826e+01,4.717792504149831978e-01,-3.752621768735013852e-01,6.797623542067693370e-01,4.175866806720575086e-01
1.573481968723827862e+01,-1.577639508266278483e+02,5.303243892506154822e+01,4.717792504149831978e-01,-3.752621768735013852e-01,6.797623542067693370e-01,4.175866806720575086e-01
1.564587379300488124e+01,-1.577230798803560106e+02,5.305288870867568818e+01,4.717792504149831978e-01,-3.752621768735013852e-01,6.797623542067693370e-01,4.175866806720575086e-01
1.555692789877148385e+01,-1.576822089340841728e+02,5.307333849228982814e+01,4.717792504149831978e-01,-3.752621768735013852e-01,6.797623542067693370e-01,4.175866806720575086e-01
1.546798200453808647e+01,-1.576413379878123351e+02,5.309378827590396810e+01,4.717792504149831978e-01,-3.752621768735013852e-01,6.797623542067693370e-01,4.175866806720575086e-01
1.541737022274025293e+01,-1.576180816988909896e+02,5.310542456327846139e+01,4.750382019094544495e-01,-3.711333865166954182e-01,6.833794506678283476e-01,4.116397352822136479e-01
1.532803815607952025e+01,-1.575768117360611598e+02,5.312321703455559430e+01,4.750382019094544495e-01,-3.711333865166954182e-01,6.833794506678283476e-01,4.116397352822136479e-01
1.523870608941878757e+01,-1.575355417732313299e+02,5.314100950583272720e+01,4.750382019094544495e-01,-3.711333865166954182e-01,6.833794506678283476e-01,4.116397352822136479e-01
1.514937402275805489e+01,-1.574942718104015000e+02,5.315880197710986010e+01,4.750382019094544495e-01,-3.711333865166954182e-01,6.833794506678283476e-01,4.116397352822136479e-01
1.506004195609732221e+01,-1.574530018475716702e+02,5.317659444838699301e+01,4.750382019094544495e-01,-3.711333865166954182e-01,6.833794506678283476e-01,4.116397352822136479e-01
1.497070988943658953e+01,-1.574117318847418403e+02,5.319438691966412591e+01,4.750382019094544495e-01,-3.711333865166954182e-01,6.833794506678283476e-01,4.116397352822136479e-01
1.488137782277585686e+01,-1.573704619219120104e+02,5.321217939094125882e+01,4.750382019094544495e-01,-3.711333865166954182e-01,6.833794506678283476e-01,4.116397352822136479e-01
1.479204575611512418e+01,-1.573291919590821806e+02,5.322997186221839172e+01,4.750382019094544495e-01,-3.711333865166954182e-01,6.833794506678283476e-01,4.116397352822136479e-01
1.470271368945439150e+01,-1.572879219962523507e+02,5.324776433349552462e+01,4.750382019094544495e-01,-3.711333865166954182e-01,6.833794506678283476e-01,4.116397352822136479e-01
1.461338162279365882e+01,-1.572466520334225208e+02,5.326555680477265753e+01,4.750382019094544495e-01,-3.711333865166954182e-01,6.833794506678283476e-01,4.116397352822136479e-01
1.454972266954386129e+01,-1.572172426317081602e+02,5.327823590355059480e+01,4.744052984321978639e-01,-3.703387939353745550e-01,6.837052629993962682e-01,4.126092497011839555e-01
1.446160006005524679e+01,-1.571760618771513975e+02,5.330144260842336479e+01,4.744052984321978639e-01,-3.703387939353745550e-01,6.837052629993962682e-01,4.126092497011839555e-01
1.437347745056663229e+01,-1.571348811225946349e+02,5.332464931329613478e+01,4.744052984321978639e-01,-3.703387939353745550e-01,6.837052629993962682e-01,4.126092497011839555e-01
1.428535484107801778e+01,-1.570937003680378723e+02,5.334785601816890477e+01,4.744052984321978639e-01,-3.703387939353745550e-01,6.837052629993962682e-01,4.126092497011839555e-01
1.419723223158940328e+01,-1.570525196134811097e+02,5.337106272304167476e+01,4.744052984321978639e-01,-3.703387939353745550e-01,6.837052629993962682e-01,4.126092497011839555e-01
1.410910962210078878e+01,-1.570113388589243471e+02,5.339426942791444475e+01,4.744052984321978639e-01,-3.703387939353745550e-01,6.837052629993962682e-01,4.126092497011839555e-01
1.402098701261217428e+01,-1.569701581043675844e+02,5.341747613278721474e+01,4.744052984321978639e-01,-3.703387939353745550e-01,6.837052629993962682e-01,4.126092497011839555e-01
1.393286440312355978e+01,-1.569289773498108218e+02,5.344068283765998473e+01,4.744052984321978639e-01,-3.703387939353745550e-01,6.837052629993962682e-01,4.126092497011839555e-01
1.384474179363494528e+01,-1.568877965952540592e+02,5.346388954253275472e+01,4.744052984321978639e-01,-3.703387939353745550e-01,6.837052629993962682e-01,4.126092497011839555e-01
1.375661918414633078e+01,-1.568466158406972966e+02,5.348709624740552471e+01,4.744052984321978639e-01,-3.703387939353745550e-01,6.837052629993962682e-01,4.126092497011839555e-01
1.368751341152805168e+01,-1.568143218825726422e+02,5.350529495122812307e+01,4.733555739632497872e-01,-3.692047893293355365e-01,6.843914199733271975e-01,4.137374358120415319e-01
1.359994489977278675e+01,-1.567735212279445705e+02,5.353112250107104586e+01,4.733555739632497872e-01,-3.692047893293355365e-01,6.843914199733271975e-01,4.137374358120415319e-01
1.351237638801752183e+01,-1.567327205733164988e+02,5.355695005091396865e+01,4.733555739632497872e-01,-3.692047893293355365e-01,6.843914199733271975e-01,4.137374358120415319e-01
1.342480787626225691e+01,-1.566919199186884271e+02,5.358277760075689145e+01,4.733555739632497872e-01,-3.692047893293355365e-01,6.843914199733271975e-01,4.137374358120415319e-01
1.333723936450699199e+01,-1.566511192640603554e+02,5.360860515059981424e+01,4.733555739632497872e-01,-3.692047893293355365e-01,6.843914199733271975e-01,4.137374358120415319e-01
1.324967085275172707e+01,-1.566103186094322837e+02,5.363443270044273703e+01,4.733555739632497872e-01,-3.692047893293355365e-01,6.843914199733271975e-01,4.137374358120415319e-01
1.316210234099646215e+01,-1.565695179548042120e+02,5.366026025028565982e+01,4.733555739632497872e-01,-3.692047893293355365e-01,6.843914199733271975e-01,4.137374358120415319e-01
1.307453382924119722e+01,-1.565287173001761403e+02,5.368608780012858261e+01,4.733555739632497872e-01,-3.692047893293355365e-01,6.843914199733271975e-01,4.137374358120415319e-01
1.298696531748593230e+01,-1.564879166455480686e+02,5.371191534997150541e+01,4.733555739632497872e-01,-3.692047893293355365e-01,6.843914199733271975e-01,4.137374358120415319e-01
1.289939680573066738e+01,-1.564471159909199969e+02,5.373774289981442820e+01,4.733555739632497872e-01,-3.692047893293355365e-01,6.843914199733271975e-01,4.137374358120415319e-01
1.282172574678084942e+01,-1.564109268404218369e+02,5.376065128441716467e+01,4.720434821451563456e-01,-3.677481751045797997e-01,6.853260691777023350e-01,4.150146420243238654e-01
1.273485992896770469e+01,-1.563704338055129028e+02,5.378919325035363386e+01,4.720434821451563456e-01,-3.677481751045797997e-01,6.853260691777023350e-01,4.150146420243238654e-01
1.264799411115455996e+01,-1.563299407706039688e+02,5.381773521629010304e+01,4.720434821451563456e-01,-3.677481751045797997e-01,6.853260691777023350e-01,4.150146420243238654e-01
1.256112829334141523e+01,-1.562894477356950347e+02,5.384627718222657222e+01,4.720434821451563456e-01,-3.677481751045797997e-01,6.853260691777023350e-01,4.150146420243238654e-01
1.247426247552827050e+01,-1.562489547007861006e+02,5.387481914816304140e+01,4.720434821451563456e-01,-3.677481751045797997e-01,6.853260691777023350e-01,4.150146420243238654e-01
1.238739665771512577e+01,-1.562084616658771665e+02,5.390336111409951059e+01,4.720434821451563456e-01,-3.677481751045797997e-01,6.853260691777023350e-01,4.150146420243238654e-01
1.230053083990198104e+01,-1.561679686309682324e+02,5.393190308003597977e+01,4.720434821451563456e-01,-3.677481751045797997e-01,6.853260691777023350e-01,4.150146420243238654e-01
1.221366502208883631e+01,-1.561274755960592984e+02,5.396044504597244895e+01,4.720434821451563456e-01,-3.677481751045797997e-01,6.853260691777023350e-01,4.150146420243238654e-01
1.212679920427569158e+01,-1.560869825611503643e+02,5.398898701190891813e+01,4.720434821451563456e-01,-3.677481751045797997e-01,6.853260691777023350e-01,4.150146420243238654e-01
1.203993338646254685e+01,-1.560464895262414302e+02,5.401752897784538732e+01,4.720434821451563456e-01,-3.677481751045797997e-01,6.853260691777023350e-01,4.150146420243238654e-01
1.195453294859252935e+01,-1.560066795872003240e+02,5.404558945606351017e+01,4.705797234947714514e-01,-3.661712059403312569e-01,6.864027985504304041e-01,4.163083918613769141e-01
1.186378910217182181e+01,-1.559680801064505147e+02,5.406219169755732423e+01,4.705797234947714514e-01,-3.661712059403312569e-01,6.864027985504304041e-01,4.163083918613769141e-01
1.177304525575111427e+01,-1.559294806257007053e+02,5.407879393905113830e+01,4.705797234947714514e-01,-3.661712059403312569e-01,6.864027985504304041e-01,4.163083918613769141e-01
1.168230140933040673e+01,-1.558908811449508960e+02,5.409539618054495236e+01,4.705797234947714514e-01,-3.661712059403312569e-01,6.864027985504304041e-01,4.163083918613769141e-01
1.159155756290969919e+01,-1.558522816642010866e+02,5.411199842203876642e+01,4.705797234947714514e-01,-3.661712059403312569e-01,6.864027985504304041e-01,4.163083918613769141e-01
1.150081371648899164e+01,-1.558136821834512773e+02,5.412860066353258048e+01,4.705797234947714514e-01,-3.661712059403312569e-01,6.864027985504304041e-01,4.163083918613769141e-01
1.141006987006828410e+01,-1.557750827027014680e+02,5.414520290502639455e+01,4.705797234947714514e-01,-3.661712059403312569e-01,6.864027985504304041e-01,4.163083918613769141e-01
1.131932602364757656e+01,-1.557364832219516586e+02,5.416180514652020861e+01,4.705797234947714514e-01,-3.661712059403312569e-01,6.864027985504304041e-01,4.163083918613769141e-01
1.122858217722686902e+01,-1.556978837412018493e+02,5.417840738801402267e+01,4.705797234947714514e-01,-3.661712059403312569e-01,6.864027985504304041e-01,4.163083918613769141e-01
1.113783833080616148e+01,-1.556592842604520399e+02,5.419500962950783673e+01,4.705797234947714514e-01,-3.661712059403312569e-01,6.864027985504304041e-01,4.163083918613769141e-01
1.104709448438545394e+01,-1.556206847797022306e+02,5.421161187100165080e+01,4.705797234947714514e-01,-3.661712059403312569e-01,6.864027985504304041e-01,4.163083918613769141e-01
1.102661118703590404e+01,-1.556119718512455279e+02,5.421535943805554325e+01,4.693239893581071520e-01,-3.637065922695408293e-01,6.874736214097698639e-01,4.181258789683766075e-01
1.093827032272527155e+01,-1.555727036326089490e+02,5.424093088107230898e+01,4.693239893581071520e-01,-3.637065922695408293e-01,6.874736214097698639e-01,4.181258789683766075e-01
1.084992945841463907e+01,-1.555334354139723700e+02,5.426650232408907470e+01,4.693239893581071520e-01,-3.637065922695408293e-01,6.874736214097698639e-01,4.181258789683766075e-01
1.076158859410400659e+01,-1.554941671953357911e+02,5.429207376710584043e+01,4.693239893581071520e-01,-3.637065922695408293e-01,6.874736214097698639e-01,4.181258789683766075e-01
1.067324772979337411e+01,-1.554548989766992122e+02,5.431764521012260616e+01,4.693239893581071520e-01,-3.637065922695408293e-01,6.874736214097698639e-01,4.181258789683766075e-01
1.058490686548274162e+01,-1.554156307580626333e+02,5.434321665313937189e+01,4.693239893581071520e-01,-3.637065922695408293e-01,6.874736214097698639e-01,4.181258789683766075e-01
1.049656600117210914e+01,-1.553763625394260544e+02,5.436878809615613761e+01,4.693239893581071520e-01,-3.637065922695408293e-01,6.874736214097698639e-01,4.181258789683766075e-01
1.040822513686147666e+01,-1.553370943207894754e+02,5.439435953917290334e+01,4.693239893581071520e-01,-3.637065922695408293e-01,6.874736214097698639e-01,4.181258789683766075e-01
1.031988427255084417e+01,-1.552978261021528965e+02,5.441993098218966907e+01,4.693239893581071520e-01,-3.637065922695408293e-01,6.874736214097698639e-01,4.181258789683766075e-01
1.023154340824021169e+01,-1.552585578835163176e+02,5.444550242520643479e+01,4.693239893581071520e-01,-3.637065922695408293e-01,6.874736214097698639e-01,4.181258789683766075e-01
1.014320254392957921e+01,-1.552192896648797387e+02,5.447107386822320052e+01,4.693239893581071520e-01,-3.637065922695408293e-01,6.874736214097698639e-01,4.181258789683766075e-01
1.012467517331112532e+01,-1.552110541008981954e+02,5.447643686309217514e+01,4.675279186131830467e-01,-3.610672360832262173e-01,6.889403643728235771e-01,4.200108393521319594e-01
1.003568710249465923e+01,-1.551723130517181630e+02,5.450052533254945786e+01,4.675279186131830467e-01,-3.610672360832262173e-01,6.889403643728235771e-01,4.200108393521319594e-01
9.946699031678193137e+00,-1.551335720025381306e+02,5.452461380200674057e+01,4.675279186131830467e-01,-3.610672360832262173e-01,6.889403643728235771e-01,4.200108393521319594e-01
9.857710960861727045e+00,-1.550948309533580982e+02,5.454870227146402328e+01,4.675279186131830467e-01,-3.610672360832262173e-01,6.889403643728235771e-01,4.200108393521319594e-01
9.768722890045260954e+00,-1.550560899041780658e+02,5.457279074092130600e+01,4.675279186131830467e-01,-3.610672360832262173e-01,6.889403643728235771e-01,4.200108393521319594e-01
9.679734819228794862e+00,-1.550173488549980334e+02,5.459687921037858871e+01,4.675279186131830467e-01,-3.610672360832262173e-01,6.889403643728235771e-01,4.200108393521319594e-01
9.590746748412328770e+00,-1.549786078058180010e+02,5.462096767983587142e+01,4.675279186131830467e-01,-3.610672360832262173e-01,6.889403643728235771e-01,4.200108393521319594e-01
9.501758677595862679e+00,-1.549398667566379686e+02,5.464505614929315414e+01,4.675279186131830467e-01,-3.610672360832262173e-01,6.889403643728235771e-01,4.200108393521319594e-01
9.412770606779396587e+00,-1.549011257074579362e+02,5.466914461875043685e+01,4.675279186131830467e-01,-3.610672360832262173e-01,6.889403643728235771e-01,4.200108393521319594e-01
9.323782535962930496e+00,-1.548623846582779038e+02,5.469323308820771956e+01,4.675279186131830467e-01,-3.610672360832262173e-01,6.889403643728235771e-01,4.200108393521319594e-01
9.234794465146464404e+00,-1.548236436090978714e+02,5.471732155766500227e+01,4.675279186131830467e-01,-3.610672360832262173e-01,6.889403643728235771e-01,4.200108393521319594e-01
9.200164573441050209e+00,-1.548085674497279456e+02,5.472669563534755355e+01,4.658530639599213763e-01,-3.583225397891038888e-01,6.903714840254669971e-01,4.218677386822547448e-01
9.111309556532326326e+00,-1.547700409021480255e+02,5.475160529415138200e+01,4.658530639599213763e-01,-3.583225397891038888e-01,6.903714840254669971e-01,4.218677386822547448e-01
9.022454539623602443e+00,-1.547315143545681053e+02,5.477651495295521045e+01,4.658530639599213763e-01,-3.583225397891038888e-01,6.903714840254669971e-01,4.218677386822547448e-01
8.933599522714878560e+00,-1.546929878069881852e+02,5.480142461175903890e+01,4.658530639599213763e-01,-3.583225397891038888e-01,6.903714840254669971e-01,4.218677386822547448e-01
8.844744505806154677e+00,-1.546544612594082651e+02,5.482633427056286735e+01,4.658530639599213763e-01,-3.583225397891038888e-01,6.903714840254669971e-01,4.218677386822547448e-01
8.755889488897430795e+00,-1.546159347118283449e+02,5.485124392936669580e+01,4.658530639599213763e-01,-3.583225397891038888e-01,6.903714840254669971e-01,4.218677386822547448e-01
8.667034471988706912e+00,-1.545774081642484248e+02,5.487615358817052424e+01,4.658530639599213763e-01,-3.583225397891038888e-01,6.903714840254669971e-01,4.218677386822547448e-01
8.578179455079983029e+00,-1.545388816166685046e+02,5.490106324697435269e+01,4.658530639599213763e-01,-3.583225397891038888e-01,6.903714840254669971e-01,4.218677386822547448e-01
8.489324438171259146e+00,-1.545003550690885845e+02,5.492597290577818114e+01,4.658530639599213763e-01,-3.583225397891038888e-01,6.903714840254669971e-01,4.218677386822547448e-01
8.400469421262535263e+00,-1.544618285215086644e+02,5.495088256458200959e+01,4.658530639599213763e-01,-3.583225397891038888e-01,6.903714840254669971e-01,4.218677386822547448e-01
8.311614404353811381e+00,-1.544233019739287442e+02,5.497579222338583804e+01,4.658530639599213763e-01,-3.583225397891038888e-01,6.903714840254669971e-01,4.218677386822547448e-01
8.277036462533011729e+00,-1.544083093627390326e+02,5.498548582047081368e+01,4.642105304885632555e-01,-3.556342542215723546e-01,6.917581227612163985e-01,4.236744732013850712e-01
8.188334126603550089e+00,-1.543699502717425389e+02,5.501118554300975916e+01,4.642105304885632555e-01,-3.556342542215723546e-01,6.917581227612163985e-01,4.236744732013850712e-01
8.099631790674088450e+00,-1.543315911807460452e+02,5.503688526554870464e+01,4.642105304885632555e-01,-3.556342542215723546e-01,6.917581227612163985e-01,4.236744732013850712e-01
8.010929454744626810e+00,-1.542932320897495515e+02,5.506258498808765012e+01,4.642105304885632555e-01,-3.556342542215723546e-01,6.917581227612163985e-01,4.236744732013850712e-01
7.922227118815165170e+00,-1.542548729987530578e+02,5.508828471062659560e+01,4.642105304885632555e-01,-3.556342542215723546e-01,6.917581227612163985e-01,4.236744732013850712e-01
7.833524782885703530e+00,-1.542165139077565641e+02,5.511398443316554108e+01,4.642105304885632555e-01,-3.556342542215723546e-01,6.917581227612163985e-01,4.236744732013850712e-01
7.744822446956241890e+00,-1.541781548167600704e+02,5.513968415570448656e+01,4.642105304885632555e-01,-3.556342542215723546e-01,6.917581227612163985e-01,4.236744732013850712e-01
7.656120111026780251e+00,-1.541397957257635767e+02,5.516538387824343204e+01,4.642105304885632555e-01,-3.556342542215723546e-01,6.917581227612163985e-01,4.236744732013850712e-01
7.567417775097318611e+00,-1.541014366347670830e+02,5.519108360078237752e+01,4.642105304885632555e-01,-3.556342542215723546e-01,6.917581227612163985e-01,4.236744732013850712e-01
7.478715439167856971e+00,-1.540630775437705893e+02,5.521678332332132300e+01,4.642105304885632555e-01,-3.556342542215723546e-01,6.917581227612163985e-01,4.236744732013850712e-01
7.390013103238395331e+00,-1.540247184527740956e+02,5.524248304586026848e+01,4.642105304885632555e-01,-3.556342542215723546e-01,6.917581227612163985e-01,4.236744732013850712e-01
7.355495518806584698e+00,-1.540097914145136713e+02,5.525248382355476906e+01,4.626924094950439770e-01,-3.531535868477336804e-01,6.930251384750055754e-01,4.253318389396044119e-01
7.266950017439150145e+00,-1.539715585972166991e+02,5.527890248872026291e+01,4.626924094950439770e-01,-3.531535868477336804e-01,6.930251384750055754e-01,4.253318389396044119e-01
7.178404516071715591e+00,-1.539333257799197270e+02,5.530532115388575676e+01,4.626924094950439770e-01,-3.531535868477336804e-01,6.930251384750055754e-01,4.253318389396044119e-01
7.089859014704281037e+00,-1.538950929626227548e+02,5.533173981905125061e+01,4.626924094950439770e-01,-3.531535868477336804e-01,6.930251384750055754e-01,4.253318389396044119e-01
7.001313513336846484e+00,-1.538568601453257827e+02,5.535815848421674445e+01,4.626924094950439770e-01,-3.531535868477336804e-01,6.930251384750055754e-01,4.253318389396044119e-01
6.912768011969411930e+00,-1.538186273280288106e+02,5.538457714938223830e+01,4.626924094950439770e-01,-3.531535868477336804e-01,6.930251384750055754e-01,4.253318389396044119e-01
6.824222510601977376e+00,-1.537803945107318384e+02,5.541099581454773215e+01,4.626924094950439770e-01,-3.531535868477336804e-01,6.930251384750055754e-01,4.253318389396044119e-01
6.735677009234542822e+00,-1.537421616934348663e+02,5.543741447971322600e+01,4.626924094950439770e-01,-3.531535868477336804e-01,6.930251384750055754e-01,4.253318389396044119e-01
6.647131507867108269e+00,-1.537039288761378941e+02,5.546383314487871985e+01,4.626924094950439770e-01,-3.531535868477336804e-01,6.930251384750055754e-01,4.253318389396044119e-01
6.558586006499673715e+00,-1.536656960588409220e+02,5.549025181004421370e+01,4.626924094950439770e-01,-3.531535868477336804e-01,6.930251384750055754e-01,4.253318389396044119e-01
6.470040505132239161e+00,-1.536274632415439498e+02,5.551667047520970755e+01,4.626924094950439770e-01,-3.531535868477336804e-01,6.930251384750055754e-01,4.253318389396044119e-01
6.435580814992967191e+00,-1.536125839871848484e+02,5.552695195762760250e+01,4.612931947735611216e-01,-3.508714605413004173e-01,6.941807169715998871e-01,4.268488465986232661e-01
6.347195359562298300e+00,-1.535744367318019670e+02,5.555402220282535097e+01,4.612931947735611216e-01,-3.508714605413004173e-01,6.941807169715998871e-01,4.268488465986232661e-01
6.258809904131629409e+00,-1.535362894764190855e+02,5.558109244802309945e+01,4.612931947735611216e-01,-3.508714605413004173e-01,6.941807169715998871e-01,4.268488465986232661e-01
6.170424448700960518e+00,-1.534981422210362041e+02,5.560816269322084793e+01,4.612931947735611216e-01,-3.508714605413004173e-01,6.941807169715998871e-01,4.268488465986232661e-01
6.082038993270291627e+00,-1.534599949656533227e+02,5.563523293841859640e+01,4.612931947735611216e-01,-3.508714605413004173e-01,6.941807169715998871e-01,4.268488465986232661e-01
5.993653537839622736e+00,-1.534218477102704412e+02,5.566230318361634488e+01,4.612931947735611216e-01,-3.508714605413004173e-01,6.941807169715998871e-01,4.268488465986232661e-01
5.905268082408953845e+00,-1.533837004548875598e+02,5.568937342881409336e+01,4.612931947735611216e-01,-3.508714605413004173e-01,6.941807169715998871e-01,4.268488465986232661e-01
5.816882626978284954e+00,-1.533455531995046783e+02,5.571644367401184184e+01,4.612931947735611216e-01,-3.508714605413004173e-01,6.941807169715998871e-01,4.268488465986232661e-01
5.728497171547616063e+00,-1.533074059441217969e+02,5.574351391920959031e+01,4.612931947735611216e-01,-3.508714605413004173e-01,6.941807169715998871e-01,4.268488465986232661e-01
5.640111716116947171e+00,-1.532692586887389155e+02,5.577058416440733879e+01,4.612931947735611216e-01,-3.508714605413004173e-01,6.941807169715998871e-01,4.268488465986232661e-01
5.551726260686278280e+00,-1.532311114333560340e+02,5.579765440960508727e+01,4.612931947735611216e-01,-3.508714605413004173e-01,6.941807169715998871e-01,4.268488465986232661e-01
5.517332249071507988e+00,-1.532162669418238181e+02,5.580818843155714148e+01,4.598421582974375199e-01,-3.485103070785526835e-01,6.953669822044703519e-01,4.284114861740016544e-01
5.429133856951197323e+00,-1.531781615419648119e+02,5.583591967979766224e+01,4.598421582974375199e-01,-3.485103070785526835e-01,6.953669822044703519e-01,4.284114861740016544e-01
5.340935464830886659e+00,-1.531400561421058057e+02,5.586365092803818300e+01,4.598421582974375199e-01,-3.485103070785526835e-01,6.953669822044703519e-01,4.284114861740016544e-01
5.252737072710575994e+00,-1.531019507422467996e+02,5.589138217627870375e+01,4.598421582974375199e-01,-3.485103070785526835e-01,6.953669822044703519e-01,4.284114861740016544e-01
5.164538680590265329e+00,-1.530638453423877934e+02,5.591911342451922451e+01,4.598421582974375199e-01,-3.485103070785526835e-01,6.953669822044703519e-01,4.284114861740016544e-01
5.076340288469954665e+00,-1.530257399425287872e+02,5.594684467275974527e+01,4.598421582974375199e-01,-3.485103070785526835e-01,6.953669822044703519e-01,4.284114861740016544e-01
4.988141896349644000e+00,-1.529876345426697810e+02,5.597457592100026602e+01,4.598421582974375199e-01,-3.485103070785526835e-01,6.953669822044703519e-01,4.284114861740016544e-01
4.899943504229333335e+00,-1.529495291428107748e+02,5.600230716924078678e+01,4.598421582974375199e-01,-3.485103070785526835e-01,6.953669822044703519e-01,4.284114861740016544e-01
4.811745112109022671e+00,-1.529114237429517686e+02,5.603003841748130753e+01,4.598421582974375199e-01,-3.485103070785526835e-01,6.953669822044703519e-01,4.284114861740016544e-01
4.723546719988712006e+00,-1.528733183430927625e+02,5.605776966572182829e+01,4.598421582974375199e-01,-3.485103070785526835e-01,6.953669822044703519e-01,4.284114861740016544e-01
4.635348327868401341e+00,-1.528352129432337563e+02,5.608550091396234905e+01,4.598421582974375199e-01,-3.485103070785526835e-01,6.953669822044703519e-01,4.284114861740016544e-01
4.601024367836437534e+00,-1.528203835547345193e+02,5.609629301836881154e+01,4.582789518577568000e-01,-3.459731597266634262e-01,6.966313418822257519e-01,4.300830659728260841e-01
4.513047790387231473e+00,-1.527822794508511492e+02,5.612472186089836157e+01,4.582789518577568000e-01,-3.459731597266634262e-01,6.966313418822257519e-01,4.300830659728260841e-01
4.425071212938025411e+00,-1.527441753469677792e+02,5.615315070342791159e+01,4.582789518577568000e-01,-3.459731597266634262e-01,6.966313418822257519e-01,4.300830659728260841e-01
4.337094635488819350e+00,-1.527060712430844092e+02,5.618157954595746162e+01,4.582789518577568000e-01,-3.459731597266634262e-01,6.966313418822257519e-01,4.300830659728260841e-01
4.249118058039613288e+00,-1.526679671392010391e+02,5.621000838848701164e+01,4.582789518577568000e-01,-3.459731597266634262e-01,6.966313418822257519e-01,4.300830659728260841e-01
4.161141480590407227e+00,-1.526298630353176691e+02,5.623843723101656167e+01,4.582789518577568000e-01,-3.459731597266634262e-01,6.966313418822257519e-01,4.300830659728260841e-01
4.073164903141201165e+00,-1.525917589314342990e+02,5.626686607354611169e+01,4.582789518577568000e-01,-3.459731597266634262e-01,6.966313418822257519e-01,4.300830659728260841e-01
3.985188325691995104e+00,-1.525536548275509290e+02,5.629529491607566172e+01,4.582789518577568000e-01,-3.459731597266634262e-01,6.966313418822257519e-01,4.300830659728260841e-01
3.897211748242789042e+00,-1.525155507236675589e+02,5.632372375860521174e+01,4.582789518577568000e-01,-3.459731597266634262e-01,6.966313418822257519e-01,4.300830659728260841e-01
3.809235170793582981e+00,-1.524774466197841889e+02,5.635215260113476177e+01,4.582789518577568000e-01,-3.459731597266634262e-01,6.966313418822257519e-01,4.300830659728260841e-01
3.721258593344376919e+00,-1.524393425159008189e+02,5.638058144366431179e+01,4.582789518577568000e-01,-3.459731597266634262e-01,6.966313418822257519e-01,4.300830659728260841e-01
3.687021919137031034e+00,-1.524245140487288381e+02,5.639164471809480972e+01,4.568515940634059747e-01,-3.436622398626490993e-01,6.977736290345348813e-01,4.315987808227130240e-01
3.599262297618396556e+00,-1.523863820639016922e+02,5.642069984783206138e+01,4.568515940634059747e-01,-3.436622398626490993e-01,6.977736290345348813e-01,4.315987808227130240e-01
3.511502676099762077e+00,-1.523482500790745462e+02,5.644975497756931304e+01,4.568515940634059747e-01,-3.436622398626490993e-01,6.977736290345348813e-01,4.315987808227130240e-01
3.423743054581127598e+00,-1.523101180942474002e+02,5.647881010730656470e+01,4.568515940634059747e-01,-3.436622398626490993e-01,6.977736290345348813e-01,4.315987808227130240e-01
3.335983433062493120e+00,-1.522719861094202543e+02,5.650786523704381636e+01,4.568515940634059747e-01,-3.436622398626490993e-01,6.977736290345348813e-01,4.315987808227130240e-01
3.248223811543858641e+00,-1.522338541245931083e+02,5.653692036678106803e+01,4.568515940634059747e-01,-3.436622398626490993e-01,6.977736290345348813e-01,4.315987808227130240e-01
3.160464190025224163e+00,-1.521957221397659623e+02,5.656597549651831969e+01,4.568515940634059747e-01,-3.436622398626490993e-01,6.977736290345348813e-01,4.315987808227130240e-01
3.072704568506589684e+00,-1.521575901549388163e+02,5.659503062625557135e+01,4.568515940634059747e-01,-3.436622398626490993e-01,6.977736290345348813e-01,4.315987808227130240e-01
2.984944946987955205e+00,-1.521194581701116704e+02,5.662408575599282301e+01,4.568515940634059747e-01,-3.436622398626490993e-01,6.977736290345348813e-01,4.315987808227130240e-01
2.897185325469320727e+00,-1.520813261852845244e+02,5.665314088573007467e+01,4.568515940634059747e-01,-3.436622398626490993e-01,6.977736290345348813e-01,4.315987808227130240e-01
2.809425703950686248e+00,-1.520431942004573784e+02,5.668219601546732633e+01,4.568515940634059747e-01,-3.436622398626490993e-01,6.977736290345348813e-01,4.315987808227130240e-01
2.775274318131245366e+00,-1.520283552562669342e+02,5.669350272951784575e+01,4.554528938602230848e-01,-3.414033853303464761e-01,6.988818572183997935e-01,4.330743956285971197e-01
2.688954626082612709e+00,-1.519900546889604982e+02,5.672639615300393245e+01,4.554528938602230848e-01,-3.414033853303464761e-01,6.988818572183997935e-01,4.330743956285971197e-01
2.602634934033980052e+00,-1.519517541216540621e+02,5.675928957649001916e+01,4.554528938602230848e-01,-3.414033853303464761e-01,6.988818572183997935e-01,4.330743956285971197e-01
2.516315241985347395e+00,-1.519134535543476261e+02,5.679218299997610586e+01,4.554528938602230848e-01,-3.414033853303464761e-01,6.988818572183997935e-01,4.330743956285971197e-01
2.429995549936714738e+00,-1.518751529870411900e+02,5.682507642346219257e+01,4.554528938602230848e-01,-3.414033853303464761e-01,6.988818572183997935e-01,4.330743956285971197e-01
2.343675857888082081e+00,-1.518368524197347540e+02,5.685796984694827927e+01,4.554528938602230848e-01,-3.414033853303464761e-01,6.988818572183997935e-01,4.330743956285971197e-01
2.257356165839449424e+00,-1.517985518524283179e+02,5.689086327043436597e+01,4.554528938602230848e-01,-3.414033853303464761e-01,6.988818572183997935e-01,4.330743956285971197e-01
2.171036473790816768e+00,-1.517602512851218819e+02,5.692375669392045268e+01,4.554528938602230848e-01,-3.414033853303464761e-01,6.988818572183997935e-01,4.330743956285971197e-01
2.084716781742184111e+00,-1.517219507178154458e+02,5.695665011740653938e+01,4.554528938602230848e-01,-3.414033853303464761e-01,6.988818572183997935e-01,4.330743956285971197e-01
2.009592667651581621e+00,-1.516886176958853412e+02,5.698527729667644337e+01,4.533931023508463998e-01,-3.391525051795206691e-01,6.999195657172054830e-01,4.353292859877609944e-01
1.924186645121220840e+00,-1.516500806827674808e+02,5.702021595628863793e+01,4.533931023508463998e-01,-3.391525051795206691e-01,6.999195657172054830e-01,4.353292859877609944e-01
1.838780622590860059e+00,-1.516115436696496204e+02,5.705515461590083248e+01,4.533931023508463998e-01,-3.391525051795206691e-01,6.999195657172054830e-01,4.353292859877609944e-01
1.753374600060499278e+00,-1.515730066565317600e+02,5.709009327551302704e+01,4.533931023508463998e-01,-3.391525051795206691e-01,6.999195657172054830e-01,4.353292859877609944e-01
1.667968577530138496e+00,-1.515344696434138996e+02,5.712503193512522159e+01,4.533931023508463998e-01,-3.391525051795206691e-01,6.999195657172054830e-01,4.353292859877609944e-01
1.582562554999777715e+00,-1.514959326302960392e+02,5.715997059473741615e+01,4.533931023508463998e-01,-3.391525051795206691e-01,6.999195657172054830e-01,4.353292859877609944e-01
1.497156532469416934e+00,-1.514573956171781788e+02,5.719490925434961071e+01,4.533931023508463998e-01,-3.391525051795206691e-01,6.999195657172054830e-01,4.353292859877609944e-01
1.411750509939056153e+00,-1.514188586040603184e+02,5.722984791396180526e+01,4.533931023508463998e-01,-3.391525051795206691e-01,6.999195657172054830e-01,4.353292859877609944e-01
1.326344487408695372e+00,-1.513803215909424580e+02,5.726478657357399982e+01,4.533931023508463998e-01,-3.391525051795206691e-01,6.999195657172054830e-01,4.353292859877609944e-01
1.240938464878334591e+00,-1.513417845778245976e+02,5.729972523318619437e+01,4.533931023508463998e-01,-3.391525051795206691e-01,6.999195657172054830e-01,4.353292859877609944e-01
1.234268762246607309e+00,-1.513387750661976554e+02,5.730245373479604609e+01,4.516030334989709627e-01,-3.373475065868745126e-01,7.008009936476792268e-01,4.371759529079916606e-01
1.147371578124257052e+00,-1.513004108419800104e+02,5.733371178482774155e+01,4.516030334989709627e-01,-3.373475065868745126e-01,7.008009936476792268e-01,4.371759529079916606e-01
1.060474394001906795e+00,-1.512620466177623655e+02,5.736496983485943701e+01,4.516030334989709627e-01,-3.373475065868745126e-01,7.008009936476792268e-01,4.371759529079916606e-01
9.735772098795565377e-01,-1.512236823935447205e+02,5.739622788489113248e+01,4.516030334989709627e-01,-3.373475065868745126e-01,7.008009936476792268e-01,4.371759529079916606e-01
8.866800257572062804e-01,-1.511853181693270756e+02,5.742748593492282794e+01,4.516030334989709627e-01,-3.373475065868745126e-01,7.008009936476792268e-01,4.371759529079916606e-01
7.997828416348560232e-01,-1.511469539451094306e+02,5.745874398495452340e+01,4.516030334989709627e-01,-3.373475065868745126e-01,7.008009936476792268e-01,4.371759529079916606e-01
7.128856575125057660e-01,-1.511085897208917856e+02,5.749000203498621886e+01,4.516030334989709627e-01,-3.373475065868745126e-01,7.008009936476792268e-01,4.371759529079916606e-01
6.259884733901555087e-01,-1.510702254966741407e+02,5.752126008501791432e+01,4.516030334989709627e-01,-3.373475065868745126e-01,7.008009936476792268e-01,4.371759529079916606e-01
5.390912892678052515e-01,-1.510318612724564957e+02,5.755251813504960978e+01,4.516030334989709627e-01,-3.373475065868745126e-01,7.008009936476792268e-01,4.371759529079916606e-01
4.521941051454550498e-01,-1.509934970482388508e+02,5.758377618508130524e+01,4.516030334989709627e-01,-3.373475065868745126e-01,7.008009936476792268e-01,4.371759529079916606e-01
4.344585686236968058e-01,-1.509856669889956322e+02,5.759015588879134384e+01,4.502061367520103219e-01,-3.357600389781622563e-01,7.014387899626870482e-01,4.388171046252110075e-01
3.466040437097246407e-01,-1.509474089734146958e+02,5.761875495688715887e+01,4.502061367520103219e-01,-3.357600389781622563e-01,7.014387899626870482e-01,4.388171046252110075e-01
2.587495187957524756e-01,-1.509091509578337593e+02,5.764735402498297390e+01,4.502061367520103219e-01,-3.357600389781622563e-01,7.014387899626870482e-01,4.388171046252110075e-01
1.708949938817803382e-01,-1.508708929422528229e+02,5.767595309307878892e+01,4.502061367520103219e-01,-3.357600389781622563e-01,7.014387899626870482e-01,4.388171046252110075e-01
8.304046896780820086e-02,-1.508326349266718864e+02,5.770455216117460395e+01,4.502061367520103219e-01,-3.357600389781622563e-01,7.014387899626870482e-01,4.388171046252110075e-01
-4.814055946163936506e-03,-1.507943769110909500e+02,5.773315122927041898e+01,4.502061367520103219e-01,-3.357600389781622563e-01,7.014387899626870482e-01,4.388171046252110075e-01
-9.266858086013607387e-02,-1.507561188955100135e+02,5.776175029736623401e+01,4.502061367520103219e-01,-3.357600389781622563e-01,7.014387899626870482e-01,4.388171046252110075e-01
-1.805231057741082112e-01,-1.507178608799290771e+02,5.779034936546204904e+01,4.502061367520103219e-01,-3.357600389781622563e-01,7.014387899626870482e-01,4.388171046252110075e-01
-2.683776306880803486e-01,-1.506796028643481407e+02,5.781894843355786406e+01,4.502061367520103219e-01,-3.357600389781622563e-01,7.014387899626870482e-01,4.388171046252110075e-01
-3.562321556020524582e-01,-1.506413448487672042e+02,5.784754750165367909e+01,4.502061367520103219e-01,-3.357600389781622563e-01,7.014387899626870482e-01,4.388171046252110075e-01
-3.865765606033306767e-01,-1.506281307687813467e+02,5.785742544141613308e+01,4.484264728332864602e-01,-3.332359874104094954e-01,7.024213672392278784e-01,4.409887969889631498e-01
-4.747637753794288762e-01,-1.505898325003092850e+02,5.788492558290805334e+01,4.484264728332864602e-01,-3.332359874104094954e-01,7.024213672392278784e-01,4.409887969889631498e-01
-5.629509901555270757e-01,-1.505515342318372234e+02,5.791242572439997360e+01,4.484264728332864602e-01,-3.332359874104094954e-01,7.024213672392278784e-01,4.409887969889631498e-01
-6.511382049316252196e-01,-1.505132359633651618e+02,5.793992586589189386e+01,4.484264728332864602e-01,-3.332359874104094954e-01,7.024213672392278784e-01,4.409887969889631498e-01
-7.393254197077234746e-01,-1.504749376948931001e+02,5.796742600738381412e+01,4.484264728332864602e-01,-3.332359874104094954e-01,7.024213672392278784e-01,4.409887969889631498e-01
-8.275126344838217296e-01,-1.504366394264210385e+02,5.799492614887573438e+01,4.484264728332864602e-01,-3.332359874104094954e-01,7.024213672392278784e-01,4.409887969889631498e-01
-9.156998492599199846e-01,-1.503983411579489768e+02,5.802242629036765464e+01,4.484264728332864602e-01,-3.332359874104094954e-01,7.024213672392278784e-01,4.409887969889631498e-01
-1.003887064036018240e+00,-1.503600428894769152e+02,5.804992643185957490e+01,4.484264728332864602e-01,-3.332359874104094954e-01,7.024213672392278784e-01,4.409887969889631498e-01
-1.092074278812116495e+00,-1.503217446210048536e+02,5.807742657335149516e+01,4.484264728332864602e-01,-3.332359874104094954e-01,7.024213672392278784e-01,4.409887969889631498e-01
-1.180261493588214750e+00,-1.502834463525327919e+02,5.810492671484341543e+01,4.484264728332864602e-01,-3.332359874104094954e-01,7.024213672392278784e-01,4.409887969889631498e-01
-1.223828897367180701e+00,-1.502645257399383354e+02,5.811851269520803953e+01,4.478658005620139715e-01,-3.324270381506845284e-01,7.025335148781051142e-01,4.419899542388418534e-01
-1.312388206279266001e+00,-1.502261958485908053e+02,5.814474374997714534e+01,4.478658005620139715e-01,-3.324270381506845284e-01,7.025335148781051142e-01,4.419899542388418534e-01
-1.400947515191351300e+00,-1.501878659572432753e+02,5.817097480474625115e+01,4.478658005620139715e-01,-3.324270381506845284e-01,7.025335148781051142e-01,4.419899542388418534e-01
-1.489506824103436600e+00,-1.501495360658957452e+02,5.819720585951535696e+01,4.478658005620139715e-01,-3.324270381506845284e-01,7.025335148781051142e-01,4.419899542388418534e-01
-1.578066133015521899e+00,-1.501112061745482151e+02,5.822343691428446277e+01,4.478658005620139715e-01,-3.324270381506845284e-01,7.025335148781051142e-01,4.419899542388418534e-01
-1.666625441927607199e+00,-1.500728762832006851e+02,5.824966796905356858e+01,4.478658005620139715e-01,-3.324270381506845284e-01,7.025335148781051142e-01,4.419899542388418534e-01
-1.755184750839692498e+00,-1.500345463918531550e+02,5.827589902382267439e+01,4.478658005620139715e-01,-3.324270381506845284e-01,7.025335148781051142e-01,4.419899542388418534e-01
-1.843744059751777797e+00,-1.499962165005056249e+02,5.830213007859178020e+01,4.478658005620139715e-01,-3.324270381506845284e-01,7.025335148781051142e-01,4.419899542388418534e-01
-1.932303368663863097e+00,-1.499578866091580949e+02,5.832836113336088601e+01,4.478658005620139715e-01,-3.324270381506845284e-01,7.025335148781051142e-01,4.419899542388418534e-01
-2.020862677575948396e+00,-1.499195567178105648e+02,5.835459218812999183e+01,4.478658005620139715e-01,-3.324270381506845284e-01,7.025335148781051142e-01,4.419899542388418534e-01
-2.078042837722893665e+00,-1.498948082260642138e+02,5.837152881434067808e+01,4.451857537334653614e-01,-3.280564379900788308e-01,7.042753762122471173e-01,4.451784395820311269e-01
-2.163803975326277218e+00,-1.498557374318471886e+02,5.840497280208472830e+01,4.451857537334653614e-01,-3.280564379900788308e-01,7.042753762122471173e-01,4.451784395820311269e-01
-2.249565112929660771e+00,-1.498166666376301635e+02,5.843841678982877852e+01,4.451857537334653614e-01,-3.280564379900788308e-01,7.042753762122471173e-01,4.451784395820311269e-01
-2.335326250533044323e+00,-1.497775958434131383e+02,5.847186077757282874e+01,4.451857537334653614e-01,-3.280564379900788308e-01,7.042753762122471173e-01,4.451784395820311269e-01
-2.421087388136427876e+00,-1.497385250491961131e+02,5.850530476531687896e+01,4.451857537334653614e-01,-3.280564379900788308e-01,7.042753762122471173e-01,4.451784395820311269e-01
-2.506848525739811429e+00,-1.496994542549790879e+02,5.853874875306092918e+01,4.451857537334653614e-01,-3.280564379900788308e-01,7.042753762122471173e-01,4.451784395820311269e-01
-2.592609663343194981e+00,-1.496603834607620627e+02,5.857219274080497939e+01,4.451857537334653614e-01,-3.280564379900788308e-01,7.042753762122471173e-01,4.451784395820311269e-01
-2.678370800946578534e+00,-1.496213126665450375e+02,5.860563672854902961e+01,4.451857537334653614e-01,-3.280564379900788308e-01,7.042753762122471173e-01,4.451784395820311269e-01
-2.764131938549962086e+00,-1.495822418723280123e+02,5.863908071629307983e+01,4.451857537334653614e-01,-3.280564379900788308e-01,7.042753762122471173e-01,4.451784395820311269e-01
-2.849893076153345639e+00,-1.495431710781109871e+02,5.867252470403713005e+01,4.451857537334653614e-01,-3.280564379900788308e-01,7.042753762122471173e-01,4.451784395820311269e-01
-2.935654213756729192e+00,-1.495041002838939619e+02,5.870596869178118027e+01,4.451857537334653614e-01,-3.280564379900788308e-01,7.042753762122471173e-01,4.451784395820311269e-01
-2.969051316596026169e+00,-1.494888853349212070e+02,5.871899244973562304e+01,4.451857537334653614e-01,-3.280564379900788308e-01,7.042753762122471173e-01,4.451784395820311269e-01
-3.054782682330527521e+00,-1.494497335672533040e+02,5.875241806891875029e+01,4.451857537334653614e-01,-3.280564379900788308e-01,7.042753762122471173e-01,4.451784395820311269e-01
-3.140514048065028874e+00,-1.494105817995854011e+02,5.878584368810187755e+01,4.451857537334653614e-01,-3.280564379900788308e-01,7.042753762122471173e-01,4.451784395820311269e-01
-3.226245413799530226e+00,-1.493714300319174981e+02,5.881926930728500480e+01,4.451857537334653614e-01,-3.280564379900788308e-01,7.042753762122471173e-01,4.451784395820311269e-01
-3.311976779534031579e+00,-1.493322782642495952e+02,5.885269492646813205e+01,4.451857537334653614e-01,-3.280564379900788308e-01,7.042753762122471173e-01,4.451784395820311269e-01
-3.397708145268532931e+00,-1.492931264965816922e+02,5.888612054565125931e+01,4.451857537334653614e-01,-3.280564379900788308e-01,7.042753762122471173e-01,4.451784395820311269e-01
-3.483439511003034283e+00,-1.492539747289137892e+02,5.891954616483438656e+01,4.451857537334653614e-01,-3.280564379900788308e-01,7.042753762122471173e-01,4.451784395820311269e-01
-3.569170876737535636e+00,-1.492148229612458863e+02,5.895297178401751381e+01,4.451857537334653614e-01,-3.280564379900788308e-01,7.042753762122471173e-01,4.451784395820311269e-01
-3.654902242472036988e+00,-1.491756711935779833e+02,5.898639740320064107e+01,4.451857537334653614e-01,-3.280564379900788308e-01,7.042753762122471173e-01,4.451784395820311269e-01
-3.740633608206538341e+00,-1.491365194259100804e+02,5.901982302238376832e+01,4.451857537334653614e-01,-3.280564379900788308e-01,7.042753762122471173e-01,4.451784395820311269e-01
-3.826364973941039693e+00,-1.490973676582421774e+02,5.905324864156689557e+01,4.451857537334653614e-01,-3.280564379900788308e-01,7.042753762122471173e-01,4.451784395820311269e-01
-3.912096339675541046e+00,-1.490582158905742745e+02,5.908667426075002282e+01,4.451857537334653614e-01,-3.280564379900788308e-01,7.042753762122471173e-01,4.451784395820311269e-01
-3.997827705410042398e+00,-1.490190641229063715e+02,5.912009987993315008e+01,4.451857537334653614e-01,-3.280564379900788308e-01,7.042753762122471173e-01,4.451784395820311269e-01
-4.083559071144543751e+00,-1.489799123552384685e+02,5.915352549911627733e+01,4.451857537334653614e-01,-3.280564379900788308e-01,7.042753762122471173e-01,4.451784395820311269e-01
-4.169290436879045103e+00,-1.489407605875705656e+02,5.918695111829940458e+01,4.451857537334653614e-01,-3.280564379900788308e-01,7.042753762122471173e-01,4.451784395820311269e-01
-4.255021802613546456e+00,-1.489016088199026626e+02,5.922037673748253184e+01,4.451857537334653614e-01,-3.280564379900788308e-01,7.042753762122471173e-01,4.451784395820311269e-01
-4.340753168348047808e+00,-1.488624570522347597e+02,5.925380235666565909e+01,4.451857537334653614e-01,-3.280564379900788308e-01,7.042753762122471173e-01,4.451784395820311269e-01
-4.426484534082549160e+00,-1.488233052845668567e+02,5.928722797584878634e+01,4.451857537334653614e-01,-3.280564379900788308e-01,7.042753762122471173e-01,4.451784395820311269e-01
-4.512215899817050513e+00,-1.487841535168989537e+02,5.932065359503191360e+01,4.451857537334653614e-01,-3.280564379900788308e-01,7.042753762122471173e-01,4.451784395820311269e-01
-4.597947265551551865e+00,-1.487450017492310508e+02,5.935407921421504085e+01,4.451857537334653614e-01,-3.280564379900788308e-01,7.042753762122471173e-01,4.451784395820311269e-01
-4.683678631286053218e+00,-1.487058499815631478e+02,5.938750483339816810e+01,4.451857537334653614e-01,-3.280564379900788308e-01,7.042753762122471173e-01,4.451784395820311269e-01
-4.769409997020554570e+00,-1.486666982138952449e+02,5.942093045258129536e+01,4.451857537334653614e-01,-3.280564379900788308e-01,7.042753762122471173e-01,4.451784395820311269e-01
-4.855141362755055923e+00,-1.486275464462273419e+02,5.945435607176442261e+01,4.451857537334653614e-01,-3.280564379900788308e-01,7.042753762122471173e-01,4.451784395820311269e-01
-4.940872728489557275e+00,-1.485883946785594389e+02,5.948778169094754986e+01,4.451857537334653614e-01,-3.280564379900788308e-01,7.042753762122471173e-01,4.451784395820311269e-01
-5.026604094224058628e+00,-1.485492429108915360e+02,5.952120731013067712e+01,4.451857537334653614e-01,-3.280564379900788308e-01,7.042753762122471173e-01,4.451784395820311269e-01
-5.112335459958559980e+00,-1.485100911432236330e+02,5.955463292931380437e+01,4.451857537334653614e-01,-3.280564379900788308e-01,7.042753762122471173e-01,4.451784395820311269e-01
-5.198066825693061332e+00,-1.484709393755557301e+02,5.958805854849693162e+01,4.451857537334653614e-01,-3.280564379900788308e-01,7.042753762122471173e-01,4.451784395820311269e-01
-5.283798191427562685e+00,-1.484317876078878271e+02,5.962148416768005887e+01,4.451857537334653614e-01,-3.280564379900788308e-01,7.042753762122471173e-01,4.451784395820311269e-01
-5.369529557162064037e+00,-1.483926358402199241e+02,5.965490978686318613e+01,4.451857537334653614e-01,-3.280564379900788308e-01,7.042753762122471173e-01,4.451784395820311269e-01
-5.455260922896565390e+00,-1.483534840725520212e+02,5.968833540604631338e+01,4.451857537334653614e-01,-3.280564379900788308e-01,7.042753762122471173e-01,4.451784395820311269e-01
-5.540992288631066742e+00,-1.483143323048841182e+02,5.972176102522944063e+01,4.451857537334653614e-01,-3.280564379900788308e-01,7.042753762122471173e-01,4.451784395820311269e-01
-5.626723654365568095e+00,-1.482751805372162153e+02,5.975518664441256789e+01,4.451857537334653614e-01,-3.280564379900788308e-01,7.042753762122471173e-01,4.451784395820311269e-01
-5.712455020100069447e+00,-1.482360287695483123e+02,5.978861226359569514e+01,4.451857537334653614e-01,-3.280564379900788308e-01,7.042753762122471173e-01,4.451784395820311269e-01
-5.798186385834570800e+00,-1.481968770018804094e+02,5.982203788277882239e+01,4.451857537334653614e-01,-3.280564379900788308e-01,7.042753762122471173e-01,4.451784395820311269e-01
-5.883917751569072152e+00,-1.481577252342125064e+02,5.985546350196194965e+01,4.451857537334653614e-01,-3.280564379900788308e-01,7.042753762122471173e-01,4.451784395820311269e-01
-5.969649117303573505e+00,-1.481185734665446034e+02,5.988888912114507690e+01,4.451857537334653614e-01,-3.280564379900788308e-01,7.042753762122471173e-01,4.451784395820311269e-01
-6.055380483038074857e+00,-1.480794216988767005e+02,5.992231474032820415e+01,4.451857537334653614e-01,-3.280564379900788308e-01,7.042753762122471173e-01,4.451784395820311269e-01
-6.141111848772576209e+00,-1.480402699312087975e+02,5.995574035951133141e+01,4.451857537334653614e-01,-3.280564379900788308e-01,7.042753762122471173e-01,4.451784395820311269e-01
-6.226843214507077562e+00,-1.480011181635408946e+02,5.998916597869445866e+01,4.451857537334653614e-01,-3.280564379900788308e-01,7.042753762122471173e-01,4.451784395820311269e-01
-6.312574580241578914e+00,-1.479619663958729916e+02,6.002259159787758591e+01,4.451857537334653614e-01,-3.280564379900788308e-01,7.042753762122471173e-01,4.451784395820311269e-01
-6.398305945976080267e+00,-1.479228146282050886e+02,6.005601721706071316e+01,4.451857537334653614e-01,-3.280564379900788308e-01,7.042753762122471173e-01,4.451784395820311269e-01
-6.484037311710581619e+00,-1.478836628605371857e+02,6.008944283624384042e+01,4.451857537334653614e-01,-3.280564379900788308e-01,7.042753762122471173e-01,4.451784395820311269e-01
-6.569768677445082972e+00,-1.478445110928692827e+02,6.012286845542696767e+01,4.451857537334653614e-01,-3.280564379900788308e-01,7.042753762122471173e-01,4.451784395820311269e-01
-6.655500043179584324e+00,-1.478053593252013798e+02,6.015629407461009492e+01,4.451857537334653614e-01,-3.280564379900788308e-01,7.042753762122471173e-01,4.451784395820311269e-01
-6.741231408914085677e+00,-1.477662075575334768e+02,6.018971969379322218e+01,4.451857537334653614e-01,-3.280564379900788308e-01,7.042753762122471173e-01,4.451784395820311269e-01
-6.826962774648587029e+00,-1.477270557898655738e+02,6.022314531297634943e+01,4.451857537334653614e-01,-3.280564379900788308e-01,7.042753762122471173e-01,4.451784395820311269e-01
-6.912694140383088381e+00,-1.476879040221976709e+02,6.025657093215947668e+01,4.451857537334653614e-01,-3.280564379900788308e-01,7.042753762122471173e-01,4.451784395820311269e-01
-6.998425506117589734e+00,-1.476487522545297679e+02,6.028999655134260394e+01,4.451857537334653614e-01,-3.280564379900788308e-01,7.042753762122471173e-01,4.451784395820311269e-01
-7.084156871852091086e+00,-1.476096004868618650e+02,6.032342217052573119e+01,4.451857537334653614e-01,-3.280564379900788308e-01,7.042753762122471173e-01,4.451784395820311269e-01
-7.169888237586592439e+00,-1.475704487191939620e+02,6.035684778970885844e+01,4.451857537334653614e-01,-3.280564379900788308e-01,7.042753762122471173e-01,4.451784395820311269e-01
-7.255619603321093791e+00,-1.475312969515260590e+02,6.039027340889198570e+01,4.451857537334653614e-01,-3.280564379900788308e-01,7.042753762122471173e-01,4.451784395820311269e-01
-7.341350969055595144e+00,-1.474921451838581561e+02,6.042369902807511295e+01,4.451857537334653614e-01,-3.280564379900788308e-01,7.042753762122471173e-01,4.451784395820311269e-01
-7.427082334790096496e+00,-1.474529934161902531e+02,6.045712464725824020e+01,4.451857537334653614e-01,-3.280564379900788308e-01,7.042753762122471173e-01,4.451784395820311269e-01
-7.512813700524597849e+00,-1.474138416485223502e+02,6.049055026644136746e+01,4.451857537334653614e-01,-3.280564379900788308e-01,7.042753762122471173e-01,4.451784395820311269e-01
-7.598545066259099201e+00,-1.473746898808544472e+02,6.052397588562449471e+01,4.451857537334653614e-01,-3.280564379900788308e-01,7.042753762122471173e-01,4.451784395820311269e-01
-7.684276431993600553e+00,-1.473355381131865443e+02,6.055740150480762196e+01,4.451857537334653614e-01,-3.280564379900788308e-01,7.042753762122471173e-01,4.451784395820311269e-01
-7.770007797728101906e+00,-1.472963863455186413e+02,6.059082712399074921e+01,4.451857537334653614e-01,-3.280564379900788308e-01,7.042753762122471173e-01,4.451784395820311269e-01
-7.855739163462603258e+00,-1.472572345778507383e+02,6.062425274317387647e+01,4.451857537334653614e-01,-3.280564379900788308e-01,7.042753762122471173e-01,4.451784395820311269e-01
-7.941470529197104611e+00,-1.472180828101828354e+02,6.065767836235700372e+01,4.451857537334653614e-01,-3.280564379900788308e-01,7.042753762122471173e-01,4.451784395820311269e-01
-8.027201894931605963e+00,-1.471789310425149324e+02,6.069110398154013097e+01,4.451857537334653614e-01,-3.280564379900788308e-01,7.042753762122471173e-01,4.451784395820311269e-01
-8.112933260666107316e+00,-1.471397792748470295e+02,6.072452960072325823e+01,4.451857537334653614e-01,-3.280564379900788308e-01,7.042753762122471173e-01,4.451784395820311269e-01
-8.198664626400608668e+00,-1.471006275071791265e+02,6.075795521990638548e+01,4.451857537334653614e-01,-3.280564379900788308e-01,7.042753762122471173e-01,4.451784395820311269e-01
-8.284395992135110021e+00,-1.470614757395112235e+02,6.079138083908951273e+01,4.451857537334653614e-01,-3.280564379900788308e-01,7.042753762122471173e-01,4.451784395820311269e-01
-8.370127357869611373e+00,-1.470223239718433206e+02,6.082480645827263999e+01,4.451857537334653614e-01,-3.280564379900788308e-01,7.042753762122471173e-01,4.451784395820311269e-01
-8.455858723604112726e+00,-1.469831722041754176e+02,6.085823207745576724e+01,4.451857537334653614e-01,-3.280564379900788308e-01,7.042753762122471173e-01,4.451784395820311269e-01
-8.541590089338614078e+00,-1.469440204365075147e+02,6.089165769663889449e+01,4.451857537334653614e-01,-3.280564379900788308e-01,7.042753762122471173e-01,4.451784395820311269e-01
-8.627321455073115430e+00,-1.469048686688396117e+02,6.092508331582202175e+01,4.451857537334653614e-01,-3.280564379900788308e-01,7.042753762122471173e-01,4.451784395820311269e-01
-8.713052820807616783e+00,-1.468657169011717087e+02,6.095850893500514900e+01,4.451857537334653614e-01,-3.280564379900788308e-01,7.042753762122471173e-01,4.451784395820311269e-01
-8.798784186542118135e+00,-1.468265651335038058e+02,6.099193455418827625e+01,4.451857537334653614e-01,-3.280564379900788308e-01,7.042753762122471173e-01,4.451784395820311269e-01
-8.884515552276619488e+00,-1.467874133658359028e+02,6.102536017337140350e+01,4.451857537334653614e-01,-3.280564379900788308e-01,7.042753762122471173e-01,4.451784395820311269e-01
-8.970246918011120840e+00,-1.467482615981679999e+02,6.105878579255453076e+01,4.451857537334653614e-01,-3.280564379900788308e-01,7.042753762122471173e-01,4.451784395820311269e-01
-9.055978283745622193e+00,-1.467091098305000969e+02,6.109221141173765801e+01,4.451857537334653614e-01,-3.280564379900788308e-01,7.042753762122471173e-01,4.451784395820311269e-01
-9.141709649480123545e+00,-1.466699580628321939e+02,6.112563703092078526e+01,4.451857537334653614e-01,-3.280564379900788308e-01,7.042753762122471173e-01,4.451784395820311269e-01
-9.227441015214624898e+00,-1.466308062951642910e+02,6.115906265010391252e+01,4.451857537334653614e-01,-3.280564379900788308e-01,7.042753762122471173e-01,4.451784395820311269e-01
-9.313172380949126250e+00,-1.465916545274963880e+02,6.119248826928703977e+01,4.451857537334653614e-01,-3.280564379900788308e-01,7.042753762122471173e-01,4.451784395820311269e-01
-9.398903746683627602e+00,-1.465525027598284851e+02,6.122591388847016702e+01,4.451857537334653614e-01,-3.280564379900788308e-01,7.042753762122471173e-01,4.451784395820311269e-01
-9.484635112418128955e+00,-1.465133509921605821e+02,6.125933950765329428e+01,4.451857537334653614e-01,-3.280564379900788308e-01,7.042753762122471173e-01,4.451784395820311269e-01
-9.570366478152630307e+00,-1.464741992244926791e+02,6.129276512683642153e+01,4.451857537334653614e-01,-3.280564379900788308e-01,7.042753762122471173e-01,4.451784395820311269e-01
-9.656097843887131660e+00,-1.464350474568247762e+02,6.132619074601954878e+01,4.451857537334653614e-01,-3.280564379900788308e-01,7.042753762122471173e-01,4.451784395820311269e-01
-9.741829209621633012e+00,-1.463958956891568732e+02,6.135961636520267604e+01,4.451857537334653614e-01,-3.280564379900788308e-01,7.042753762122471173e-01,4.451784395820311269e-01
-9.827560575356134365e+00,-1.463567439214889703e+02,6.139304198438580329e+01,4.451857537334653614e-01,-3.280564379900788308e-01,7.042753762122471173e-01,4.451784395820311269e-01
-9.913291941090635717e+00,-1.463175921538210673e+02,6.142646760356893054e+01,4.451857537334653614e-01,-3.280564379900788308e-01,7.042753762122471173e-01,4.451784395820311269e-01
-9.999023306825137070e+00,-1.462784403861531644e+02,6.145989322275205780e+01,4.451857537334653614e-01,-3.280564379900788308e-01,7.042753762122471173e-01,4.451784395820311269e-01
-1.008475467255963842e+01,-1.462392886184852614e+02,6.149331884193518505e+01,4.451857537334653614e-01,-3.280564379900788308e-01,7.042753762122471173e-01,4.451784395820311269e-01
-1.017048603829413977e+01,-1.462001368508173584e+02,6.152674446111831230e+01,4.451857537334653614e-01,-3.280564379900788308e-01,7.042753762122471173e-01,4.451784395820311269e-01
-1.025621740402864113e+01,-1.461609850831494555e+02,6.156017008030143955e+01,4.451857537334653614e-01,-3.280564379900788308e-01,7.042753762122471173e-01,4.451784395820311269e-01
-1.034194876976314248e+01,-1.461218333154815525e+02,6.159359569948456681e+01,4.451857537334653614e-01,-3.280564379900788308e-01,7.042753762122471173e-01,4.451784395820311269e-01
-1.042768013549764383e+01,-1.460826815478136496e+02,6.162702131866769406e+01,4.451857537334653614e-01,-3.280564379900788308e-01,7.042753762122471173e-01,4.451784395820311269e-01
-1.051341150123214518e+01,-1.460435297801457466e+02,6.166044693785082131e+01,4.451857537334653614e-01,-3.280564379900788308e-01,7.042753762122471173e-01,4.451784395820311269e-01
-1.059914286696664654e+01,-1.460043780124778436e+02,6.169387255703394857e+01,4.451857537334653614e-01,-3.280564379900788308e-01,7.042753762122471173e-01,4.451784395820311269e-01
-1.068487423270114789e+01,-1.459652262448099407e+02,6.172729817621707582e+01,4.451857537334653614e-01,-3.280564379900788308e-01,7.042753762122471173e-01,4.451784395820311269e-01
-1.077060559843564924e+01,-1.459260744771420377e+02,6.176072379540020307e+01,4.451857537334653614e-01,-3.280564379900788308e-01,7.042753762122471173e-01,4.451784395820311269e-01
-1.085633696417015059e+01,-1.458869227094741348e+02,6.179414941458333033e+01,4.451857537334653614e-01,-3.280564379900788308e-01,7.042753762122471173e-01,4.451784395820311269e-01
-1.094206832990465195e+01,-1.458477709418062318e+02,6.182757503376645758e+01,4.451857537334653614e-01,-3.280564379900788308e-01,7.042753762122471173e-01,4.451784395820311269e-01
-1.102779969563915330e+01,-1.458086191741383288e+02,6.186100065294958483e+01,4.451857537334653614e-01,-3.280564379900788308e-01,7.042753762122471173e-01,4.451784395820311269e-01
-1.111353106137365465e+01,-1.457694674064704259e+02,6.189442627213271209e+01,4.451857537334653614e-01,-3.280564379900788308e-01,7.042753762122471173e-01,4.451784395820311269e-01
-1.119926242710815600e+01,-1.457303156388025229e+02,6.192785189131583934e+01,4.451857537334653614e-01,-3.280564379900788308e-01,7.042753762122471173e-01,4.451784395820311269e-01
-1.128499379284265736e+01,-1.456911638711346200e+02,6.196127751049896659e+01,4.451857537334653614e-01,-3.280564379900788308e-01,7.042753762122471173e-01,4.451784395820311269e-01
-1.137072515857715871e+01,-1.456520121034667170e+02,6.199470312968209385e+01,4.451857537334653614e-01,-3.280564379900788308e-01,7.042753762122471173e-01,4.451784395820311269e-01
-1.145645652431166006e+01,-1.456128603357988140e+02,6.202812874886522110e+01,4.451857537334653614e-01,-3.280564379900788308e-01,7.042753762122471173e-01,4.451784395820311269e-01
-1.154218789004616141e+01,-1.455737085681309111e+02,6.206155436804834835e+01,4.451857537334653614e-01,-3.280564379900788308e-01,7.042753762122471173e-01,4.451784395820311269e-01
-1.162791925578066277e+01,-1.455345568004630081e+02,6.209497998723147560e+01,4.451857537334653614e-01,-3.280564379900788308e-01,7.042753762122471173e-01,4.451784395820311269e-01
-1.171365062151516412e+01,-1.454954050327951052e+02,6.212840560641460286e+01,4.451857537334653614e-01,-3.280564379900788308e-01,7.042753762122471173e-01,4.451784395820311269e-01
-1.179938198724966547e+01,-1.454562532651272022e+02,6.216183122559773011e+01,4.451857537334653614e-01,-3.280564379900788308e-01,7.042753762122471173e-01,4.451784395820311269e-01
-1.188511335298416682e+01,-1.454171014974592993e+02,6.219525684478085736e+01,4.451857537334653614e-01,-3.280564379900788308e-01,7.042753762122471173e-01,4.451784395820311269e-01
-1.197084471871866818e+01,-1.453779497297913963e+02,6.222868246396398462e+01,4.451857537334653614e-01,-3.280564379900788308e-01,7.042753762122471173e-01,4.451784395820311269e-01
-1.205657608445316953e+01,-1.453387979621234933e+02,6.226210808314711187e+01,4.451857537334653614e-01,-3.280564379900788308e-01,7.042753762122471173e-01,4.451784395820311269e-01
-1.214230745018767088e+01,-1.452996461944555904e+02,6.229553370233023912e+01,4.451857537334653614e-01,-3.280564379900788308e-01,7.042753762122471173e-01,4.451784395820311269e-01
-1.222803881592217223e+01,-1.452604944267876874e+02,6.232895932151336638e+01,4.451857537334653614e-01,-3.280564379900788308e-01,7.042753762122471173e-01,4.451784395820311269e-01
-1.231377018165667359e+01,-1.452213426591197845e+02,6.236238494069649363e+01,4.451857537334653614e-01,-3.280564379900788308e-01,7.042753762122471173e-01,4.451784395820311269e-01
-1.239950154739117494e+01,-1.451821908914518815e+02,6.239581055987962088e+01,4.451857537334653614e-01,-3.280564379900788308e-01,7.042753762122471173e-01,4.451784395820311269e-01
-1.248523291312567629e+01,-1.451430391237839785e+02,6.242923617906274814e+01,4.451857537334653614e-01,-3.280564379900788308e-01,7.042753762122471173e-01,4.451784395820311269e-01
-1.257096427886017764e+01,-1.451038873561160756e+02,6.246266179824587539e+01,4.451857537334653614e-01,-3.280564379900788308e-01,7.042753762122471173e-01,4.451784395820311269e-01
-1.265669564459467900e+01,-1.450647355884481726e+02,6.249608741742900264e+01,4.451857537334653614e-01,-3.280564379900788308e-01,7.042753762122471173e-01,4.451784395820311269e-01
-1.274242701032918035e+01,-1.450255838207802697e+02,6.252951303661212989e+01,4.451857537334653614e-01,-3.280564379900788308e-01,7.042753762122471173e-01,4.451784395820311269e-01
-1.282815837606368170e+01,-1.449864320531123667e+02,6.256293865579525715e+01,4.451857537334653614e-01,-3.280564379900788308e-01,7.042753762122471173e-01,4.451784395820311269e-01
-1.291388974179818305e+01,-1.449472802854444637e+02,6.259636427497838440e+01,4.451857537334653614e-01,-3.280564379900788308e-01,7.042753762122471173e-01,4.451784395820311269e-01
-1.296362627193034456e+01,-1.449245666256809955e+02,6.261575594454379257e+01,4.480316112198618472e-01,-3.241590323180090771e-01,7.081334193128797638e-01,4.390156109085192604e-01
